Date,Daily_Sales,Sales_Lag_1,Sales_Lag_7,Rolling_Mean_7,Month,DayOfWeek,Time_Index
2020-05-11,1288000.0,3808000.0,2156000.0,2863200.0,5,0,7
2020-05-12,2615200.0,1288000.0,627200.0,3147200.0,5,1,8
2020-06-12,3673600.0,2615200.0,9380000.0,2332000.0,6,4,9
2020-07-11,1556800.0,3673600.0,1724800.0,2308000.0,7,5,10
2020-07-12,2816800.0,1556800.0,1366400.0,2515200.0,7,6,11
2020-08-11,179200.0,2816800.0,1848000.0,2276800.0,8,1,12
2020-08-12,3578400.0,179200.0,3808000.0,2244000.0,8,2,13
2020-09-12,985600.0,3578400.0,1288000.0,2200800.0,9,5,14
2020-10-11,5807200.0,985600.0,2615200.0,2656800.0,10,6,15
2020-10-12,3998400.0,5807200.0,3673600.0,2703200.0,10,0,16
2020-10-29,7084000.0,3998400.0,1556800.0,3492800.0,10,3,17
2020-10-30,9576000.0,7084000.0,2816800.0,4458400.0,10,4,18
2020-10-31,6148800.0,9576000.0,179200.0,5311200.0,10,5,19
2020-11-01,6944000.0,6148800.0,3578400.0,5792000.0,11,6,20
2020-11-02,4838400.0,6944000.0,985600.0,6342400.0,11,0,21
2020-11-03,8332800.0,4838400.0,5807200.0,6703200.0,11,1,22
2020-11-04,13764800.0,8332800.0,3998400.0,8098400.0,11,2,23
2020-11-05,10561600.0,13764800.0,7084000.0,8595200.0,11,3,24
2020-11-06,5320000.0,10561600.0,9576000.0,7987200.0,11,4,25
2020-11-07,2604000.0,5320000.0,6148800.0,7480800.0,11,5,26
2020-11-08,5028800.0,2604000.0,6944000.0,7207200.0,11,6,27
2020-11-09,106400.0,5028800.0,4838400.0,6531200.0,11,0,28
2020-11-10,2128000.0,106400.0,8332800.0,5644800.0,11,1,29
2020-11-11,7240800.0,2128000.0,13764800.0,4712800.0,11,2,30
2020-11-12,12639200.0,7240800.0,10561600.0,5009600.0,11,3,31
2020-11-13,6092800.0,12639200.0,5320000.0,5120000.0,11,4,32
2020-11-14,11664800.0,6092800.0,2604000.0,6414400.0,11,5,33
2020-11-15,3864000.0,11664800.0,5028800.0,6248000.0,11,6,34
2020-11-16,12919200.0,3864000.0,106400.0,8078400.0,11,0,35
2020-11-17,12667200.0,12919200.0,2128000.0,9584000.0,11,1,36
2020-11-18,6675200.0,12667200.0,7240800.0,9503200.0,11,2,37
2020-11-19,7985600.0,6675200.0,12639200.0,8838400.0,11,3,38
2020-11-20,2889600.0,7985600.0,6092800.0,8380800.0,11,4,39
2020-11-21,7408800.0,2889600.0,11664800.0,7772800.0,11,5,40
2020-11-22,6787200.0,7408800.0,3864000.0,8190400.0,11,6,41
2020-11-23,5560800.0,6787200.0,12919200.0,7139200.0,11,0,42
2020-11-24,12152000.0,5560800.0,12667200.0,7065600.0,11,1,43
2020-11-25,5930400.0,12152000.0,6675200.0,6959200.0,11,2,44
2020-11-26,6311200.0,5930400.0,7985600.0,6720000.0,11,3,45
2020-11-27,7442400.0,6311200.0,2889600.0,7370400.0,11,4,46
2020-11-28,6025600.0,7442400.0,7408800.0,7172800.0,11,5,47
2020-11-29,2318400.0,6025600.0,6787200.0,6534400.0,11,6,48
2020-11-30,4849600.0,2318400.0,5560800.0,6432800.0,11,0,49
2020-12-01,7632800.0,4849600.0,12152000.0,5787200.0,12,1,50
2020-12-02,2520000.0,7632800.0,5930400.0,5300000.0,12,2,51
2020-12-03,3584000.0,2520000.0,6311200.0,4910400.0,12,3,52
2020-12-04,3354400.0,3584000.0,7442400.0,4326400.0,12,4,53
2020-12-06,3192000.0,3354400.0,6025600.0,3921600.0,12,6,54
2020-12-08,453600.0,3192000.0,2318400.0,3655200.0,12,1,55
2020-12-09,3080000.0,453600.0,4849600.0,3402400.0,12,2,56
2020-12-10,3152800.0,3080000.0,7632800.0,2762400.0,12,3,57
2020-12-11,11429600.0,3152800.0,2520000.0,4035200.0,12,4,58
2020-12-12,7095200.0,11429600.0,3584000.0,4536800.0,12,5,59
2020-12-13,4793600.0,7095200.0,3354400.0,4742400.0,12,6,60
2020-12-14,4933600.0,4793600.0,3192000.0,4991200.0,12,0,61
2020-12-15,8635200.0,4933600.0,453600.0,6160000.0,12,1,62
2020-12-16,12544000.0,8635200.0,3080000.0,7512000.0,12,2,63
2020-12-17,7873600.0,12544000.0,3152800.0,8186400.0,12,3,64
2020-12-18,9363200.0,7873600.0,11429600.0,7891200.0,12,4,65
2020-12-19,4659200.0,9363200.0,7095200.0,7543200.0,12,5,66
2020-12-20,8780800.0,4659200.0,4793600.0,8112800.0,12,6,67
2020-12-21,2688000.0,8780800.0,4933600.0,7792000.0,12,0,68
2020-12-22,5376000.0,2688000.0,8635200.0,7326400.0,12,1,69
2020-12-23,12992000.0,5376000.0,12544000.0,7390400.0,12,2,70
2020-12-24,8019200.0,12992000.0,7873600.0,7411200.0,12,3,71
2020-12-25,4295200.0,8019200.0,9363200.0,6687200.0,12,4,72
2020-12-27,4743200.0,4295200.0,4659200.0,6699200.0,12,6,73
2020-12-28,12560800.0,4743200.0,8780800.0,7239200.0,12,0,74
2020-12-29,4289600.0,12560800.0,2688000.0,7468000.0,12,1,75
2020-12-30,4015200.0,4289600.0,5376000.0,7273600.0,12,2,76
2020-12-31,1495200.0,4015200.0,12992000.0,5631200.0,12,3,77
2021-01-01,3589600.0,1495200.0,8019200.0,4998400.0,1,4,78
2021-01-02,14722400.0,3589600.0,4295200.0,6488000.0,1,5,79
2021-01-03,14005600.0,14722400.0,4743200.0,7811200.0,1,6,80
2021-01-04,7504000.0,14005600.0,12560800.0,7088800.0,1,0,81
2021-01-05,1456000.0,7504000.0,4289600.0,6684000.0,1,1,82
2021-01-06,7649600.0,1456000.0,4015200.0,7203200.0,1,2,83
2021-01-07,12650400.0,7649600.0,1495200.0,8796800.0,1,3,84
2021-01-08,15747200.0,12650400.0,3589600.0,10533600.0,1,4,85
2021-01-09,8405600.0,15747200.0,14722400.0,9631200.0,1,5,86
2021-01-10,8685600.0,8405600.0,14005600.0,8871200.0,1,6,87
2021-01-11,4026400.0,8685600.0,7504000.0,8374400.0,1,0,88
2021-01-12,4900000.0,4026400.0,1456000.0,8866400.0,1,1,89
2021-01-13,19504800.0,4900000.0,7649600.0,10560000.0,1,2,90
2021-01-14,15159200.0,19504800.0,12650400.0,10918400.0,1,3,91
2021-01-15,21666400.0,15159200.0,15747200.0,11764000.0,1,4,92
2021-01-16,10752000.0,21666400.0,8405600.0,12099200.0,1,5,93
2021-01-17,9021600.0,10752000.0,8685600.0,12147200.0,1,6,94
2021-01-18,7548800.0,9021600.0,4026400.0,12650400.0,1,0,95
2021-01-19,3746400.0,7548800.0,4900000.0,12485600.0,1,1,96
2021-01-20,3578400.0,3746400.0,19504800.0,10210400.0,1,2,97
2021-01-21,6210400.0,3578400.0,15159200.0,8932000.0,1,3,98
2021-01-22,8349600.0,6210400.0,21666400.0,7029600.0,1,4,99
2021-01-23,4424000.0,8349600.0,10752000.0,6125600.0,1,5,100
2021-01-24,11933600.0,4424000.0,9021600.0,6541600.0,1,6,101
2021-01-25,11928000.0,11933600.0,7548800.0,7167200.0,1,0,102
2021-01-26,13115200.0,11928000.0,3746400.0,8505600.0,1,1,103
2021-01-27,10281600.0,13115200.0,3578400.0,9463200.0,1,2,104
2021-01-28,5465600.0,10281600.0,6210400.0,9356800.0,1,3,105
2021-01-29,7627200.0,5465600.0,8349600.0,9253600.0,1,4,106
2021-01-30,13736800.0,7627200.0,4424000.0,10584000.0,1,5,107
2021-01-31,16542400.0,13736800.0,11933600.0,11242400.0,1,6,108
2021-02-01,7476000.0,16542400.0,11928000.0,10606400.0,2,0,109
2021-02-02,5012000.0,7476000.0,13115200.0,9448800.0,2,1,110
2021-02-03,7851200.0,5012000.0,10281600.0,9101600.0,2,2,111
2021-02-04,7408800.0,7851200.0,5465600.0,9379200.0,2,3,112
2021-02-05,4709600.0,7408800.0,7627200.0,8962400.0,2,4,113
2021-02-06,6820800.0,4709600.0,13736800.0,7974400.0,2,5,114
2021-02-07,8512000.0,6820800.0,16542400.0,6827200.0,2,6,115
2021-02-08,5040000.0,8512000.0,7476000.0,6479200.0,2,0,116
2021-02-09,19331200.0,5040000.0,5012000.0,8524800.0,2,1,117
2021-02-10,8859200.0,19331200.0,7851200.0,8668800.0,2,2,118
2021-02-11,3892000.0,8859200.0,7408800.0,8166400.0,2,3,119
2021-02-12,1008000.0,3892000.0,4709600.0,7637600.0,2,4,120
2021-02-13,7168000.0,1008000.0,6820800.0,7687200.0,2,5,121
2021-02-14,13776000.0,7168000.0,8512000.0,8439200.0,2,6,122
2021-02-15,9564800.0,13776000.0,5040000.0,9085600.0,2,0,123
2021-02-16,9788800.0,9564800.0,19331200.0,7722400.0,2,1,124
2021-02-17,3662400.0,9788800.0,8859200.0,6980000.0,2,2,125
2021-02-18,6053600.0,3662400.0,3892000.0,7288800.0,2,3,126
2021-02-19,6720000.0,6053600.0,1008000.0,8104800.0,2,4,127
2021-02-20,6804000.0,6720000.0,7168000.0,8052800.0,2,5,128
2021-02-21,9441600.0,6804000.0,13776000.0,7433600.0,2,6,129
2021-02-22,5796000.0,9441600.0,9564800.0,6895200.0,2,0,130
2021-02-23,7067200.0,5796000.0,9788800.0,6506400.0,2,1,131
2021-02-24,7084000.0,7067200.0,3662400.0,6995200.0,2,2,132
2021-02-25,11782400.0,7084000.0,6053600.0,7813600.0,2,3,133
2021-02-26,5325600.0,11782400.0,6720000.0,7614400.0,2,4,134
2021-02-27,5090400.0,5325600.0,6804000.0,7369600.0,2,5,135
2021-02-28,9374400.0,5090400.0,9441600.0,7360000.0,2,6,136
2021-03-01,13188000.0,9374400.0,5796000.0,8416000.0,3,0,137
2021-03-02,14610400.0,13188000.0,7067200.0,9493600.0,3,1,138
2021-03-03,5264000.0,14610400.0,7084000.0,9233600.0,3,2,139
2021-03-04,6568800.0,5264000.0,11782400.0,8488800.0,3,3,140
2021-03-05,9262400.0,6568800.0,5325600.0,9051200.0,3,4,141
2021-03-06,10920000.0,9262400.0,5090400.0,9884000.0,3,5,142
2021-03-07,6664000.0,10920000.0,9374400.0,9496800.0,3,6,143
2021-03-08,6557600.0,6664000.0,13188000.0,8549600.0,3,0,144
2021-03-09,7582400.0,6557600.0,14610400.0,7545600.0,3,1,145
2021-03-10,3276000.0,7582400.0,5264000.0,7261600.0,3,2,146
2021-03-11,952000.0,3276000.0,6568800.0,6459200.0,3,3,147
2021-03-12,8870400.0,952000.0,9262400.0,6403200.0,3,4,148
2021-03-13,5140800.0,8870400.0,10920000.0,5577600.0,3,5,149
2021-03-14,6378400.0,5140800.0,6664000.0,5536800.0,3,6,150
2021-03-15,9626400.0,6378400.0,6557600.0,5975200.0,3,0,151
2021-03-16,16452800.0,9626400.0,7582400.0,7242400.0,3,1,152
2021-03-17,12180000.0,16452800.0,3276000.0,8514400.0,3,2,153
2021-03-18,10382400.0,12180000.0,952000.0,9861600.0,3,3,154
2021-03-19,5292000.0,10382400.0,8870400.0,9350400.0,3,4,155
2021-03-20,9637600.0,5292000.0,5140800.0,9992800.0,3,5,156
2021-03-21,2324000.0,9637600.0,6378400.0,9413600.0,3,6,157
2021-03-22,968800.0,2324000.0,9626400.0,8176800.0,3,0,158
2021-03-23,3455200.0,968800.0,16452800.0,6320000.0,3,1,159
2021-03-24,5549600.0,3455200.0,12180000.0,5372800.0,3,2,160
2021-03-25,4524800.0,5549600.0,10382400.0,4536000.0,3,3,161
2021-03-26,9867200.0,4524800.0,5292000.0,5189600.0,3,4,162
2021-03-27,12745600.0,9867200.0,9637600.0,5633600.0,3,5,163
2021-03-28,8579200.0,12745600.0,2324000.0,6527200.0,3,6,164
2021-03-29,6092800.0,8579200.0,968800.0,7259200.0,3,0,165
2021-03-30,10007200.0,6092800.0,3455200.0,8195200.0,3,1,166
2021-03-31,10488800.0,10007200.0,5549600.0,8900800.0,3,2,167
2021-04-01,7716800.0,10488800.0,4524800.0,9356800.0,4,3,168
2021-04-02,2564800.0,7716800.0,9867200.0,8313600.0,4,4,169
2021-04-03,6748000.0,2564800.0,12745600.0,7456800.0,4,5,170
2021-04-04,5992000.0,6748000.0,8579200.0,7087200.0,4,6,171
2021-04-05,5202400.0,5992000.0,6092800.0,6960000.0,4,0,172
2021-04-06,10432800.0,5202400.0,10007200.0,7020800.0,4,1,173
2021-04-07,9660000.0,10432800.0,10488800.0,6902400.0,4,2,174
2021-04-08,6848800.0,9660000.0,7716800.0,6778400.0,4,3,175
2021-04-09,3612000.0,6848800.0,2564800.0,6928000.0,4,4,176
2021-04-10,3488800.0,3612000.0,6748000.0,6462400.0,4,5,177
2021-04-11,7067200.0,3488800.0,5992000.0,6616000.0,4,6,178
2021-04-12,7005600.0,7067200.0,5202400.0,6873600.0,4,0,179
2021-04-13,4065600.0,7005600.0,10432800.0,5964000.0,4,1,180
2021-04-14,1024800.0,4065600.0,9660000.0,4730400.0,4,2,181
2021-04-15,7980000.0,1024800.0,6848800.0,4892000.0,4,3,182
2021-04-16,6328000.0,7980000.0,3612000.0,5280000.0,4,4,183
2021-04-17,12196800.0,6328000.0,3488800.0,6524000.0,4,5,184
2021-04-18,5896800.0,12196800.0,7067200.0,6356800.0,4,6,185
2021-04-19,6204800.0,5896800.0,7005600.0,6242400.0,4,0,186
2021-04-20,4659200.0,6204800.0,4065600.0,6327200.0,4,1,187
2021-04-21,9072000.0,4659200.0,1024800.0,7476800.0,4,2,188
2021-04-22,13171200.0,9072000.0,7980000.0,8218400.0,4,3,189
2021-04-23,13372800.0,13171200.0,6328000.0,9224800.0,4,4,190
2021-04-24,12661600.0,13372800.0,12196800.0,9291200.0,4,5,191
2021-04-25,5762400.0,12661600.0,5896800.0,9272000.0,4,6,192
2021-04-26,10203200.0,5762400.0,6204800.0,9843200.0,4,0,193
2021-04-27,3847200.0,10203200.0,4659200.0,9727200.0,4,1,194
2021-04-28,1848000.0,3847200.0,9072000.0,8695200.0,4,2,195
2021-04-29,14341600.0,1848000.0,13171200.0,8862400.0,4,3,196
2021-04-30,8439200.0,14341600.0,13372800.0,8157600.0,4,4,197
2021-05-01,2296000.0,8439200.0,12661600.0,6676800.0,5,5,198
2021-05-02,604800.0,2296000.0,5762400.0,5940000.0,5,6,199
2021-05-03,8450400.0,604800.0,10203200.0,5689600.0,5,0,200
2021-05-04,7526400.0,8450400.0,3847200.0,6215200.0,5,1,201
2021-05-05,9598400.0,7526400.0,1848000.0,7322400.0,5,2,202
2021-05-06,7739200.0,9598400.0,14341600.0,6379200.0,5,3,203
2021-05-07,5264000.0,7739200.0,8439200.0,5925600.0,5,4,204
2021-05-08,5689600.0,5264000.0,2296000.0,6410400.0,5,5,205
2021-05-09,8153600.0,5689600.0,604800.0,7488800.0,5,6,206
2021-05-10,8237600.0,8153600.0,8450400.0,7458400.0,5,0,207
2021-05-11,5885600.0,8237600.0,7526400.0,7224000.0,5,1,208
2021-05-12,2620800.0,5885600.0,9598400.0,6227200.0,5,2,209
2021-05-13,4020800.0,2620800.0,7739200.0,5696000.0,5,3,210
2021-05-14,3315200.0,4020800.0,5264000.0,5417600.0,5,4,211
2021-05-15,3113600.0,3315200.0,5689600.0,5049600.0,5,5,212
2021-05-16,7688800.0,3113600.0,8153600.0,4983200.0,5,6,213
2021-05-17,14700000.0,7688800.0,8237600.0,5906400.0,5,0,214
2021-05-18,6344800.0,14700000.0,5885600.0,5972000.0,5,1,215
2021-05-19,5460000.0,6344800.0,2620800.0,6377600.0,5,2,216
2021-05-20,14358400.0,5460000.0,4020800.0,7854400.0,5,3,217
2021-05-21,8148000.0,14358400.0,3315200.0,8544800.0,5,4,218
2021-05-22,2475200.0,8148000.0,3113600.0,8453600.0,5,5,219
2021-05-23,14677600.0,2475200.0,7688800.0,9452000.0,5,6,220
2021-05-24,3074400.0,14677600.0,14700000.0,7791200.0,5,0,221
2021-05-25,7823200.0,3074400.0,6344800.0,8002400.0,5,1,222
2021-05-26,4944800.0,7823200.0,5460000.0,7928800.0,5,2,223
2021-05-27,12824000.0,4944800.0,14358400.0,7709600.0,5,3,224
2021-05-28,13221600.0,12824000.0,8148000.0,8434400.0,5,4,225
2021-05-29,7767200.0,13221600.0,2475200.0,9190400.0,5,5,226
2021-05-30,9536800.0,7767200.0,14677600.0,8456000.0,5,6,227
2021-05-31,9408000.0,9536800.0,3074400.0,9360800.0,5,0,228
2021-06-01,8960000.0,9408000.0,7823200.0,9523200.0,6,1,229
2021-06-02,4312000.0,8960000.0,4944800.0,9432800.0,6,2,230
2021-06-03,6776000.0,4312000.0,12824000.0,8568800.0,6,3,231
2021-06-04,10068800.0,6776000.0,13221600.0,8118400.0,6,4,232
2021-06-05,6764800.0,10068800.0,7767200.0,7975200.0,6,5,233
2021-06-06,20148800.0,6764800.0,9536800.0,9491200.0,6,6,234
2021-06-07,2861600.0,20148800.0,9408000.0,8556000.0,6,0,235
2021-06-08,6865600.0,2861600.0,8960000.0,8256800.0,6,1,236
2021-06-09,15612800.0,6865600.0,4312000.0,9871200.0,6,2,237
2021-06-10,3998400.0,15612800.0,6776000.0,9474400.0,6,3,238
2021-06-11,11155200.0,3998400.0,10068800.0,9629600.0,6,4,239
2021-06-12,4844000.0,11155200.0,6764800.0,9355200.0,6,5,240
2021-06-13,6098400.0,4844000.0,20148800.0,7348000.0,6,6,241
2021-06-14,4592000.0,6098400.0,2861600.0,7595200.0,6,0,242
2021-06-15,15058400.0,4592000.0,6865600.0,8765600.0,6,1,243
2021-06-16,655200.0,15058400.0,15612800.0,6628800.0,6,2,244
2021-06-17,2660000.0,655200.0,3998400.0,6437600.0,6,3,245
2021-06-18,5891200.0,2660000.0,11155200.0,5685600.0,6,4,246
2021-06-19,3404800.0,5891200.0,4844000.0,5480000.0,6,5,247
2021-06-20,8232000.0,3404800.0,6098400.0,5784800.0,6,6,248
2021-06-21,9066400.0,8232000.0,4592000.0,6424000.0,6,0,249
2021-06-22,3976000.0,9066400.0,15058400.0,4840800.0,6,1,250
2021-06-23,11099200.0,3976000.0,655200.0,6332800.0,6,2,251
2021-06-24,9581600.0,11099200.0,2660000.0,7321600.0,6,3,252
2021-06-25,4799200.0,9581600.0,5891200.0,7165600.0,6,4,253
2021-06-26,6148800.0,4799200.0,3404800.0,7557600.0,6,5,254
2021-06-27,3393600.0,6148800.0,8232000.0,6866400.0,6,6,255
2021-06-28,6809600.0,3393600.0,9066400.0,6544000.0,6,0,256
2021-06-29,7632800.0,6809600.0,3976000.0,7066400.0,6,1,257
2021-06-30,8164800.0,7632800.0,11099200.0,6647200.0,6,2,258
2021-07-01,3164000.0,8164800.0,9581600.0,5730400.0,7,3,259
2021-07-02,3550400.0,3164000.0,4799200.0,5552000.0,7,4,260
2021-07-03,11250400.0,3550400.0,6148800.0,6280800.0,7,5,261
2021-07-04,14252000.0,11250400.0,3393600.0,7832000.0,7,6,262
2021-07-05,10634400.0,14252000.0,6809600.0,8378400.0,7,0,263
2021-07-06,6132000.0,10634400.0,7632800.0,8164000.0,7,1,264
2021-07-07,5359200.0,6132000.0,8164800.0,7763200.0,7,2,265
2021-07-08,8388800.0,5359200.0,3164000.0,8509600.0,7,3,266
2021-07-09,13008800.0,8388800.0,3550400.0,9860800.0,7,4,267
2021-07-10,3192000.0,13008800.0,11250400.0,8709600.0,7,5,268
2021-07-11,6720000.0,3192000.0,14252000.0,7633600.0,7,6,269
2021-07-12,4233600.0,6720000.0,10634400.0,6719200.0,7,0,270
2021-07-13,2856000.0,4233600.0,6132000.0,6251200.0,7,1,271
2021-07-14,15489600.0,2856000.0,5359200.0,7698400.0,7,2,272
2021-07-15,10920000.0,15489600.0,8388800.0,8060000.0,7,3,273
2021-07-16,13361600.0,10920000.0,13008800.0,8110400.0,7,4,274
2021-07-17,15181600.0,13361600.0,3192000.0,9823200.0,7,5,275
2021-07-18,5420800.0,15181600.0,6720000.0,9637600.0,7,6,276
2021-07-19,6322400.0,5420800.0,4233600.0,9936000.0,7,0,277
2021-07-20,5314400.0,6322400.0,2856000.0,10287200.0,7,1,278
2021-07-21,10612000.0,5314400.0,15489600.0,9590400.0,7,2,279
2021-07-22,12628000.0,10612000.0,10920000.0,9834400.0,7,3,280
2021-07-23,6512800.0,12628000.0,13361600.0,8856000.0,7,4,281
2021-07-24,7100800.0,6512800.0,15181600.0,7701600.0,7,5,282
2021-07-25,9396800.0,7100800.0,5420800.0,8269600.0,7,6,283
2021-07-26,12006400.0,9396800.0,6322400.0,9081600.0,7,0,284
2021-07-27,10505600.0,12006400.0,5314400.0,9823200.0,7,1,285
2021-07-28,9066400.0,10505600.0,10612000.0,9602400.0,7,2,286
2021-07-29,6344800.0,9066400.0,12628000.0,8704800.0,7,3,287
2021-07-30,7957600.0,6344800.0,6512800.0,8911200.0,7,4,288
2021-07-31,6664000.0,7957600.0,7100800.0,8848800.0,7,5,289
2021-08-01,6972000.0,6664000.0,9396800.0,8502400.0,8,6,290
2021-08-02,11368000.0,6972000.0,12006400.0,8411200.0,8,0,291
2021-08-03,7750400.0,11368000.0,10505600.0,8017600.0,8,1,292
2021-08-04,13776000.0,7750400.0,9066400.0,8690400.0,8,2,293
2021-08-05,6781600.0,13776000.0,6344800.0,8752800.0,8,3,294
2021-08-06,8047200.0,6781600.0,7957600.0,8765600.0,8,4,295
2021-08-07,12964000.0,8047200.0,6664000.0,9665600.0,8,5,296
2021-08-08,6848800.0,12964000.0,6972000.0,9648000.0,8,6,297
2021-08-09,2374400.0,6848800.0,11368000.0,8363200.0,8,0,298
2021-08-10,3516800.0,2374400.0,7750400.0,7758400.0,8,1,299
2021-08-11,7996800.0,3516800.0,13776000.0,6932800.0,8,2,300
2021-08-12,15702400.0,7996800.0,6781600.0,8207200.0,8,3,301
2021-08-13,2514400.0,15702400.0,8047200.0,7416800.0,8,4,302
2021-08-14,8724800.0,2514400.0,12964000.0,6811200.0,8,5,303
2021-08-15,5056800.0,8724800.0,6848800.0,6555200.0,8,6,304
2021-08-16,6820800.0,5056800.0,2374400.0,7190400.0,8,0,305
2021-08-17,6266400.0,6820800.0,3516800.0,7583200.0,8,1,306
2021-08-18,2200800.0,6266400.0,7996800.0,6755200.0,8,2,307
2021-08-19,7705600.0,2200800.0,15702400.0,5612800.0,8,3,308
2021-08-20,15724800.0,7705600.0,2514400.0,7500000.0,8,4,309
2021-08-21,6529600.0,15724800.0,8724800.0,7186400.0,8,5,310
2021-08-22,7212800.0,6529600.0,5056800.0,7494400.0,8,6,311
2021-08-23,3236800.0,7212800.0,6820800.0,6982400.0,8,0,312
2021-08-24,2626400.0,3236800.0,6266400.0,6462400.0,8,1,313
2021-08-25,4440800.0,2626400.0,2200800.0,6782400.0,8,2,314
2021-08-26,2777600.0,4440800.0,7705600.0,6078400.0,8,3,315
2021-08-27,4709600.0,2777600.0,15724800.0,4504800.0,8,4,316
2021-08-28,14604800.0,4709600.0,6529600.0,5658400.0,8,5,317
2021-08-29,10326400.0,14604800.0,7212800.0,6103200.0,8,6,318
2021-08-30,5432000.0,10326400.0,3236800.0,6416800.0,8,0,319
2021-08-31,9262400.0,5432000.0,2626400.0,7364800.0,8,1,320
2021-09-01,4183200.0,9262400.0,4440800.0,7328000.0,9,2,321
2021-09-02,12773600.0,4183200.0,2777600.0,8756000.0,9,3,322
2021-09-03,11832800.0,12773600.0,4709600.0,9773600.0,9,4,323
2021-09-04,13339200.0,11832800.0,14604800.0,9592800.0,9,5,324
2021-09-05,8825600.0,13339200.0,10326400.0,9378400.0,9,6,325
2021-09-06,8758400.0,8825600.0,5432000.0,9853600.0,9,0,326
2021-09-07,2587200.0,8758400.0,9262400.0,8900000.0,9,1,327
2021-09-08,4127200.0,2587200.0,4183200.0,8892000.0,9,2,328
2021-09-09,7896000.0,4127200.0,12773600.0,8195200.0,9,3,329
2021-09-10,3595200.0,7896000.0,11832800.0,7018400.0,9,4,330
2021-09-11,10684800.0,3595200.0,13339200.0,6639200.0,9,5,331
2021-09-12,3421600.0,10684800.0,8825600.0,5867200.0,9,6,332
2021-09-13,7672000.0,3421600.0,8758400.0,5712000.0,9,0,333
2021-09-14,2738400.0,7672000.0,2587200.0,5733600.0,9,1,334
2021-09-15,6983200.0,2738400.0,4127200.0,6141600.0,9,2,335
2021-09-16,4037600.0,6983200.0,7896000.0,5590400.0,9,3,336
2021-09-17,4866400.0,4037600.0,3595200.0,5772000.0,9,4,337
2021-09-18,8192800.0,4866400.0,10684800.0,5416000.0,9,5,338
2021-09-19,6339200.0,8192800.0,3421600.0,5832800.0,9,6,339
2021-09-20,1064000.0,6339200.0,7672000.0,4888800.0,9,0,340
2021-09-21,6798400.0,1064000.0,2738400.0,5468800.0,9,1,341
2021-09-22,12465600.0,6798400.0,6983200.0,6252000.0,9,2,342
2021-09-23,5415200.0,12465600.0,4037600.0,6448800.0,9,3,343
2021-09-24,18396000.0,5415200.0,4866400.0,8381600.0,9,4,344
2021-09-25,4435200.0,18396000.0,8192800.0,7844800.0,9,5,345
2021-09-26,6473600.0,4435200.0,6339200.0,7864000.0,9,6,346
2021-09-27,8814400.0,6473600.0,1064000.0,8971200.0,9,0,347
2021-09-28,2928800.0,8814400.0,6798400.0,8418400.0,9,1,348
2021-09-29,8999200.0,2928800.0,12465600.0,7923200.0,9,2,349
2021-09-30,7005600.0,8999200.0,5415200.0,8150400.0,9,3,350
2021-10-01,2016000.0,7005600.0,18396000.0,5810400.0,10,4,351
2021-10-02,7123200.0,2016000.0,4435200.0,6194400.0,10,5,352
2021-10-03,3578400.0,7123200.0,6473600.0,5780800.0,10,6,353
2021-10-04,8534400.0,3578400.0,8814400.0,5740800.0,10,0,354
2021-10-05,10970400.0,8534400.0,2928800.0,6889600.0,10,1,355
2021-10-06,10992800.0,10970400.0,8999200.0,7174400.0,10,2,356
2021-10-07,3147200.0,10992800.0,7005600.0,6623200.0,10,3,357
2021-10-08,12107200.0,3147200.0,2016000.0,8064800.0,10,4,358
2021-10-09,5208000.0,12107200.0,7123200.0,7791200.0,10,5,359
2021-10-10,8405600.0,5208000.0,3578400.0,8480800.0,10,6,360
2021-10-11,5941600.0,8405600.0,8534400.0,8110400.0,10,0,361
2021-10-12,13837600.0,5941600.0,10970400.0,8520000.0,10,1,362
2021-10-13,6020000.0,13837600.0,10992800.0,7809600.0,10,2,363
2021-10-14,10141600.0,6020000.0,3147200.0,8808800.0,10,3,364
2021-10-15,12812800.0,10141600.0,12107200.0,8909600.0,10,4,365
2021-10-16,8192800.0,12812800.0,5208000.0,9336000.0,10,5,366
2021-10-17,6484800.0,8192800.0,8405600.0,9061600.0,10,6,367
2021-10-18,10679200.0,6484800.0,5941600.0,9738400.0,10,0,368
2021-10-19,12656000.0,10679200.0,13837600.0,9569600.0,10,1,369
2021-10-20,6596800.0,12656000.0,6020000.0,9652000.0,10,2,370
2021-10-21,4939200.0,6596800.0,10141600.0,8908800.0,10,3,371
2021-10-22,3214400.0,4939200.0,12812800.0,7537600.0,10,4,372
2021-10-23,13048000.0,3214400.0,8192800.0,8231200.0,10,5,373
2021-10-24,13423200.0,13048000.0,6484800.0,9222400.0,10,6,374
2021-10-25,10544800.0,13423200.0,10679200.0,9203200.0,10,0,375
2021-10-26,828800.0,10544800.0,12656000.0,7513600.0,10,1,376
2021-10-27,15052800.0,828800.0,6596800.0,8721600.0,10,2,377
2021-10-28,8041600.0,15052800.0,4939200.0,9164800.0,10,3,378
2021-10-29,9755200.0,8041600.0,3214400.0,10099200.0,10,4,379
2021-10-30,1512000.0,9755200.0,13048000.0,8451200.0,10,5,380
2021-10-31,14481600.0,1512000.0,13423200.0,8602400.0,10,6,381
2021-11-01,1764000.0,14481600.0,10544800.0,7348000.0,11,0,382
2021-11-02,6260800.0,1764000.0,828800.0,8124000.0,11,1,383
2021-11-03,2402400.0,6260800.0,15052800.0,6316800.0,11,2,384
2021-11-04,7000000.0,2402400.0,8041600.0,6168000.0,11,3,385
2021-11-05,5202400.0,7000000.0,9755200.0,5517600.0,11,4,386
2021-11-06,7448000.0,5202400.0,1512000.0,6365600.0,11,5,387
2021-11-07,7621600.0,7448000.0,14481600.0,5385600.0,11,6,388
2021-11-08,17550400.0,7621600.0,1764000.0,7640800.0,11,0,389
2021-11-09,3656800.0,17550400.0,6260800.0,7268800.0,11,1,390
2021-11-10,9116800.0,3656800.0,2402400.0,8228000.0,11,2,391
2021-11-11,9122400.0,9116800.0,7000000.0,8531200.0,11,3,392
2021-11-12,7336000.0,9122400.0,5202400.0,8836000.0,11,4,393
2021-11-13,11631200.0,7336000.0,7448000.0,9433600.0,11,5,394
2021-11-14,13003200.0,11631200.0,7621600.0,10202400.0,11,6,395
2021-11-15,4961600.0,13003200.0,17550400.0,8404000.0,11,0,396
2021-11-16,5616800.0,4961600.0,3656800.0,8684000.0,11,1,397
2021-11-17,7655200.0,5616800.0,9116800.0,8475200.0,11,2,398
2021-11-18,6675200.0,7655200.0,9122400.0,8125600.0,11,3,399
2021-11-19,6428800.0,6675200.0,7336000.0,7996000.0,11,4,400
2021-11-20,9139200.0,6428800.0,11631200.0,7640000.0,11,5,401
2021-11-21,15271200.0,9139200.0,13003200.0,7964000.0,11,6,402
2021-11-22,8472800.0,15271200.0,4961600.0,8465600.0,11,0,403
2021-11-23,3466400.0,8472800.0,5616800.0,8158400.0,11,1,404
2021-11-24,11536000.0,3466400.0,7655200.0,8712800.0,11,2,405
2021-11-25,2469600.0,11536000.0,6675200.0,8112000.0,11,3,406
2021-11-26,9200800.0,2469600.0,6428800.0,8508000.0,11,4,407
2021-11-27,4592000.0,9200800.0,9139200.0,7858400.0,11,5,408
2021-11-28,5499200.0,4592000.0,15271200.0,6462400.0,11,6,409
2021-11-29,2688000.0,5499200.0,8472800.0,5636000.0,11,0,410
2021-11-30,11323200.0,2688000.0,3466400.0,6758400.0,11,1,411
2021-12-01,6272000.0,11323200.0,11536000.0,6006400.0,12,2,412
2021-12-02,12594400.0,6272000.0,2469600.0,7452800.0,12,3,413
2021-12-03,8551200.0,12594400.0,9200800.0,7360000.0,12,4,414
2021-12-04,8388800.0,8551200.0,4592000.0,7902400.0,12,5,415
2021-12-05,9548000.0,8388800.0,5499200.0,8480800.0,12,6,416
2021-12-06,2844800.0,9548000.0,2688000.0,8503200.0,12,0,417
2021-12-07,7352800.0,2844800.0,11323200.0,7936000.0,12,1,418
2021-12-08,5740000.0,7352800.0,6272000.0,7860000.0,12,2,419
2021-12-09,11384800.0,5740000.0,12594400.0,7687200.0,12,3,420
2021-12-10,5146400.0,11384800.0,8551200.0,7200800.0,12,4,421
2021-12-11,12348000.0,5146400.0,8388800.0,7766400.0,12,5,422
2021-12-12,6260800.0,12348000.0,9548000.0,7296800.0,12,6,423
2021-12-13,6333600.0,6260800.0,2844800.0,7795200.0,12,0,424
2021-12-14,5863200.0,6333600.0,7352800.0,7582400.0,12,1,425
2021-12-15,8971200.0,5863200.0,5740000.0,8044000.0,12,2,426
2021-12-16,8142400.0,8971200.0,11384800.0,7580800.0,12,3,427
2021-12-17,4116000.0,8142400.0,5146400.0,7433600.0,12,4,428
2021-12-18,10444000.0,4116000.0,12348000.0,7161600.0,12,5,429
2021-12-19,8932000.0,10444000.0,6260800.0,7543200.0,12,6,430
2021-12-20,5376000.0,8932000.0,6333600.0,7406400.0,12,0,431
2021-12-21,5028800.0,5376000.0,5863200.0,7287200.0,12,1,432
2021-12-22,5303200.0,5028800.0,8971200.0,6763200.0,12,2,433
2021-12-23,4659200.0,5303200.0,8142400.0,6265600.0,12,3,434
2021-12-24,16116800.0,4659200.0,4116000.0,7980000.0,12,4,435
2021-12-25,2973600.0,16116800.0,10444000.0,6912800.0,12,5,436
2021-12-26,3668000.0,2973600.0,8932000.0,6160800.0,12,6,437
2021-12-27,6893600.0,3668000.0,5376000.0,6377600.0,12,0,438
2021-12-28,5824000.0,6893600.0,5028800.0,6491200.0,12,1,439
2021-12-29,7924000.0,5824000.0,5303200.0,6865600.0,12,2,440
2021-12-30,5040000.0,7924000.0,4659200.0,6920000.0,12,3,441
2021-12-31,8198400.0,5040000.0,16116800.0,5788800.0,12,4,442
2022-01-01,4782400.0,8198400.0,2973600.0,6047200.0,1,5,443
2022-01-02,5493600.0,4782400.0,3668000.0,6308000.0,1,6,444
2022-01-03,6781600.0,5493600.0,6893600.0,6292000.0,1,0,445
2022-01-04,14644000.0,6781600.0,5824000.0,7552000.0,1,1,446
2022-01-05,6165600.0,14644000.0,7924000.0,7300800.0,1,2,447
2022-01-06,8982400.0,6165600.0,5040000.0,7864000.0,1,3,448
2022-01-07,11239200.0,8982400.0,8198400.0,8298400.0,1,4,449
2022-01-08,5644800.0,11239200.0,4782400.0,8421600.0,1,5,450
2022-01-09,12538400.0,5644800.0,5493600.0,9428000.0,1,6,451
2022-01-10,9833600.0,12538400.0,6781600.0,9864000.0,1,0,452
2022-01-11,4183200.0,9833600.0,14644000.0,8369600.0,1,1,453
2022-01-12,8467200.0,4183200.0,6165600.0,8698400.0,1,2,454
2022-01-13,5678400.0,8467200.0,8982400.0,8226400.0,1,3,455
2022-01-14,10007200.0,5678400.0,11239200.0,8050400.0,1,4,456
2022-01-15,16004800.0,10007200.0,5644800.0,9530400.0,1,5,457
2022-01-16,8036000.0,16004800.0,12538400.0,8887200.0,1,6,458
2022-01-17,4804800.0,8036000.0,9833600.0,8168800.0,1,0,459
2022-01-18,4272800.0,4804800.0,4183200.0,8181600.0,1,1,460
2022-01-19,4401600.0,4272800.0,8467200.0,7600800.0,1,2,461
2022-01-20,7352800.0,4401600.0,5678400.0,7840000.0,1,3,462
2022-01-21,8030400.0,7352800.0,10007200.0,7557600.0,1,4,463
2022-01-22,7952000.0,8030400.0,16004800.0,6407200.0,1,5,464
2022-01-23,8948800.0,7952000.0,8036000.0,6537600.0,1,6,465
2022-01-24,8114400.0,8948800.0,4804800.0,7010400.0,1,0,466
2022-01-25,12891200.0,8114400.0,4272800.0,8241600.0,1,1,467
2022-01-26,11233600.0,12891200.0,4401600.0,9217600.0,1,2,468
2022-01-27,9699200.0,11233600.0,7352800.0,9552800.0,1,3,469
2022-01-28,13160000.0,9699200.0,8030400.0,10285600.0,1,4,470
2022-01-29,7464800.0,13160000.0,7952000.0,10216000.0,1,5,471
2022-01-30,3035200.0,7464800.0,8948800.0,9371200.0,1,6,472
2022-01-31,3651200.0,3035200.0,8114400.0,8733600.0,1,0,473
2022-02-01,9318400.0,3651200.0,12891200.0,8223200.0,2,1,474
2022-02-02,8657600.0,9318400.0,11233600.0,7855200.0,2,2,475
2022-02-03,3158400.0,8657600.0,9699200.0,6920800.0,2,3,476
2022-02-04,6462400.0,3158400.0,13160000.0,5964000.0,2,4,477
2022-02-05,4961600.0,6462400.0,7464800.0,5606400.0,2,5,478
2022-02-06,464800.0,4961600.0,3035200.0,5239200.0,2,6,479
2022-02-07,4737600.0,464800.0,3651200.0,5394400.0,2,0,480
2022-02-08,5913600.0,4737600.0,9318400.0,4908000.0,2,1,481
2022-02-09,13815200.0,5913600.0,8657600.0,5644800.0,2,2,482
2022-02-10,1814400.0,13815200.0,3158400.0,5452800.0,2,3,483
2022-02-11,2475200.0,1814400.0,6462400.0,4883200.0,2,4,484
2022-02-12,2503200.0,2475200.0,4961600.0,4532000.0,2,5,485
2022-02-13,8545600.0,2503200.0,464800.0,5686400.0,2,6,486
2022-02-14,3360000.0,8545600.0,4737600.0,5489600.0,2,0,487
2022-02-15,8523200.0,3360000.0,5913600.0,5862400.0,2,1,488
2022-02-16,8405600.0,8523200.0,13815200.0,5089600.0,2,2,489
2022-02-17,3018400.0,8405600.0,1814400.0,5261600.0,2,3,490
2022-02-18,11737600.0,3018400.0,2475200.0,6584800.0,2,4,491
2022-02-19,6938400.0,11737600.0,2503200.0,7218400.0,2,5,492
2022-02-20,6451200.0,6938400.0,8545600.0,6919200.0,2,6,493
2022-02-21,4636800.0,6451200.0,3360000.0,7101600.0,2,0,494
2022-02-22,8517600.0,4636800.0,8523200.0,7100800.0,2,1,495
2022-02-23,11586400.0,8517600.0,8405600.0,7555200.0,2,2,496
2022-02-24,7778400.0,11586400.0,3018400.0,8235200.0,2,3,497
2022-02-25,1092000.0,7778400.0,11737600.0,6714400.0,2,4,498
2022-02-26,4888800.0,1092000.0,6938400.0,6421600.0,2,5,499
2022-02-27,9822400.0,4888800.0,6451200.0,6903200.0,2,6,500
2022-02-28,14974400.0,9822400.0,4636800.0,8380000.0,2,0,501
2022-03-01,15036000.0,14974400.0,8517600.0,9311200.0,3,1,502
2022-03-02,2822400.0,15036000.0,11586400.0,8059200.0,3,2,503
2022-03-03,12320000.0,2822400.0,7778400.0,8708000.0,3,3,504
2022-03-04,6148800.0,12320000.0,1092000.0,9430400.0,3,4,505
2022-03-05,9727200.0,6148800.0,4888800.0,10121600.0,3,5,506
2022-03-06,7235200.0,9727200.0,9822400.0,9752000.0,3,6,507
2022-03-07,8848000.0,7235200.0,14974400.0,8876800.0,3,0,508
2022-03-08,13568800.0,8848000.0,15036000.0,8667200.0,3,1,509
2022-03-09,8181600.0,13568800.0,2822400.0,9432800.0,3,2,510
2022-03-10,10281600.0,8181600.0,12320000.0,9141600.0,3,3,511
2022-03-11,13468000.0,10281600.0,6148800.0,10187200.0,3,4,512
2022-03-12,7778400.0,13468000.0,9727200.0,9908800.0,3,5,513
2022-03-13,4407200.0,7778400.0,7235200.0,9504800.0,3,6,514
2022-03-14,7901600.0,4407200.0,8848000.0,9369600.0,3,0,515
2022-03-15,4480000.0,7901600.0,13568800.0,8071200.0,3,1,516
2022-03-16,8226400.0,4480000.0,8181600.0,8077600.0,3,2,517
2022-03-17,7537600.0,8226400.0,10281600.0,7685600.0,3,3,518
2022-03-18,8584800.0,7537600.0,13468000.0,6988000.0,3,4,519
2022-03-19,7616000.0,8584800.0,7778400.0,6964800.0,3,5,520
2022-03-20,9553600.0,7616000.0,4407200.0,7700000.0,3,6,521
2022-03-21,4502400.0,9553600.0,7901600.0,7214400.0,3,0,522
2022-03-22,4580800.0,4502400.0,4480000.0,7228800.0,3,1,523
2022-03-23,1814400.0,4580800.0,8226400.0,6312800.0,3,2,524
2022-03-24,9301600.0,1814400.0,7537600.0,6564800.0,3,3,525
2022-03-25,9923200.0,9301600.0,8584800.0,6756000.0,3,4,526
2022-03-26,7761600.0,9923200.0,7616000.0,6776800.0,3,5,527
2022-03-27,5224800.0,7761600.0,9553600.0,6158400.0,3,6,528
2022-03-28,17578400.0,5224800.0,4502400.0,8026400.0,3,0,529
2022-03-29,10063200.0,17578400.0,4580800.0,8809600.0,3,1,530
2022-03-30,2475200.0,10063200.0,1814400.0,8904000.0,3,2,531
2022-03-31,1702400.0,2475200.0,9301600.0,7818400.0,3,3,532
2022-04-01,7151200.0,1702400.0,9923200.0,7422400.0,4,4,533
2022-04-02,2665600.0,7151200.0,7761600.0,6694400.0,4,5,534
2022-04-03,16609600.0,2665600.0,5224800.0,8320800.0,4,6,535
2022-04-04,3259200.0,16609600.0,17578400.0,6275200.0,4,0,536
2022-04-05,9777600.0,3259200.0,10063200.0,6234400.0,4,1,537
2022-04-06,6036800.0,9777600.0,2475200.0,6743200.0,4,2,538
2022-04-07,4704000.0,6036800.0,1702400.0,7172000.0,4,3,539
2022-04-08,4485600.0,4704000.0,7151200.0,6791200.0,4,4,540
2022-04-09,8204000.0,4485600.0,2665600.0,7582400.0,4,5,541
2022-04-10,21453600.0,8204000.0,16609600.0,8274400.0,4,6,542
2022-04-11,4995200.0,21453600.0,3259200.0,8522400.0,4,0,543
2022-04-12,5359200.0,4995200.0,9777600.0,7891200.0,4,1,544
2022-04-13,16128000.0,5359200.0,6036800.0,9332800.0,4,2,545
2022-04-14,7520800.0,16128000.0,4704000.0,9735200.0,4,3,546
2022-04-15,10696000.0,7520800.0,4485600.0,10622400.0,4,4,547
2022-04-16,14621600.0,10696000.0,8204000.0,11539200.0,4,5,548
2022-04-17,6619200.0,14621600.0,21453600.0,9420000.0,4,6,549
2022-04-18,9783200.0,6619200.0,4995200.0,10104000.0,4,0,550
2022-04-19,5594400.0,9783200.0,5359200.0,10137600.0,4,1,551
2022-04-20,7268800.0,5594400.0,16128000.0,8872000.0,4,2,552
2022-04-21,5801600.0,7268800.0,7520800.0,8626400.0,4,3,553
2022-04-22,9581600.0,5801600.0,10696000.0,8467200.0,4,4,554
2022-04-23,1932000.0,9581600.0,14621600.0,6654400.0,4,5,555
2022-04-24,6708800.0,1932000.0,6619200.0,6667200.0,4,6,556
2022-04-25,9172800.0,6708800.0,9783200.0,6580000.0,4,0,557
2022-04-26,6608000.0,9172800.0,5594400.0,6724800.0,4,1,558
2022-04-27,7588000.0,6608000.0,7268800.0,6770400.0,4,2,559
2022-04-28,12140800.0,7588000.0,5801600.0,7676000.0,4,3,560
2022-04-29,10628800.0,12140800.0,9581600.0,7825600.0,4,4,561
2022-04-30,12504800.0,10628800.0,1932000.0,9336000.0,4,5,562
2022-05-01,8484000.0,12504800.0,6708800.0,9589600.0,5,6,563
2022-05-02,12392800.0,8484000.0,9172800.0,10049600.0,5,0,564
2022-05-03,8271200.0,12392800.0,6608000.0,10287200.0,5,1,565
2022-05-04,14336000.0,8271200.0,7588000.0,11251200.0,5,2,566
2022-05-05,2828000.0,14336000.0,12140800.0,9920800.0,5,3,567
2022-05-06,5516000.0,2828000.0,10628800.0,9190400.0,5,4,568
2022-05-07,5437600.0,5516000.0,12504800.0,8180800.0,5,5,569
2022-05-08,8176000.0,5437600.0,8484000.0,8136800.0,5,6,570
2022-05-09,7302400.0,8176000.0,12392800.0,7409600.0,5,0,571
2022-05-10,4586400.0,7302400.0,8271200.0,6883200.0,5,1,572
2022-05-11,7414400.0,4586400.0,14336000.0,5894400.0,5,2,573
2022-05-12,9536800.0,7414400.0,2828000.0,6852800.0,5,3,574
2022-05-13,4222400.0,9536800.0,5516000.0,6668000.0,5,4,575
2022-05-14,8366400.0,4222400.0,5437600.0,7086400.0,5,5,576
2022-05-15,12096000.0,8366400.0,8176000.0,7646400.0,5,6,577
2022-05-16,11620000.0,12096000.0,7302400.0,8263200.0,5,0,578
2022-05-17,9262400.0,11620000.0,4586400.0,8931200.0,5,1,579
2022-05-18,15825600.0,9262400.0,7414400.0,10132800.0,5,2,580
2022-05-19,9139200.0,15825600.0,9536800.0,10076000.0,5,3,581
2022-05-20,5454400.0,9139200.0,4222400.0,10252000.0,5,4,582
2022-05-21,8517600.0,5454400.0,8366400.0,10273600.0,5,5,583
2022-05-22,8786400.0,8517600.0,12096000.0,9800800.0,5,6,584
2022-05-23,7879200.0,8786400.0,11620000.0,9266400.0,5,0,585
2022-05-24,6059200.0,7879200.0,9262400.0,8808800.0,5,1,586
2022-05-25,5745600.0,6059200.0,15825600.0,7368800.0,5,2,587
2022-05-26,12835200.0,5745600.0,9139200.0,7896800.0,5,3,588
2022-05-27,7313600.0,12835200.0,5454400.0,8162400.0,5,4,589
2022-05-28,6529600.0,7313600.0,8517600.0,7878400.0,5,5,590
2022-05-29,1680000.0,6529600.0,8786400.0,6863200.0,5,6,591
2022-05-30,8120000.0,1680000.0,7879200.0,6897600.0,5,0,592
2022-05-31,14089600.0,8120000.0,6059200.0,8044800.0,5,1,593
2022-06-01,8624000.0,14089600.0,5745600.0,8456000.0,6,2,594
2022-06-02,7694400.0,8624000.0,12835200.0,7721600.0,6,3,595
2022-06-03,4496800.0,7694400.0,7313600.0,7319200.0,6,4,596
2022-06-04,7291200.0,4496800.0,6529600.0,7428000.0,6,5,597
2022-06-05,4032000.0,7291200.0,1680000.0,7764000.0,6,6,598
2022-06-06,7084000.0,4032000.0,8120000.0,7616000.0,6,0,599
2022-06-07,10729600.0,7084000.0,14089600.0,7136000.0,6,1,600
2022-06-08,11149600.0,10729600.0,8624000.0,7496800.0,6,2,601
2022-06-09,8797600.0,11149600.0,7694400.0,7654400.0,6,3,602
2022-06-10,5006400.0,8797600.0,4496800.0,7727200.0,6,4,603
2022-06-11,8293600.0,5006400.0,7291200.0,7870400.0,6,5,604
2022-06-12,8747200.0,8293600.0,4032000.0,8544000.0,6,6,605
2022-06-13,15803200.0,8747200.0,7084000.0,9789600.0,6,0,606
2022-06-14,8624000.0,15803200.0,10729600.0,9488800.0,6,1,607
2022-06-15,9004800.0,8624000.0,11149600.0,9182400.0,6,2,608
2022-06-16,7022400.0,9004800.0,8797600.0,8928800.0,6,3,609
2022-06-17,6748000.0,7022400.0,5006400.0,9177600.0,6,4,610
2022-06-18,7526400.0,6748000.0,8293600.0,9068000.0,6,5,611
2022-06-19,10600800.0,7526400.0,8747200.0,9332800.0,6,6,612
2022-06-20,11418400.0,10600800.0,15803200.0,8706400.0,6,0,613
2022-06-21,1831200.0,11418400.0,8624000.0,7736000.0,6,1,614
2022-06-22,6468000.0,1831200.0,9004800.0,7373600.0,6,2,615
2022-06-23,5852000.0,6468000.0,7022400.0,7206400.0,6,3,616
2022-06-24,11160800.0,5852000.0,6748000.0,7836800.0,6,4,617
2022-06-25,12392800.0,11160800.0,7526400.0,8532000.0,6,5,618
2022-06-26,11872000.0,12392800.0,10600800.0,8713600.0,6,6,619
2022-06-27,5824000.0,11872000.0,11418400.0,7914400.0,6,0,620
2022-06-28,3572800.0,5824000.0,1831200.0,8163200.0,6,1,621
2022-06-29,8288000.0,3572800.0,6468000.0,8423200.0,6,2,622
2022-06-30,4838400.0,8288000.0,5852000.0,8278400.0,6,3,623
2022-07-01,7453600.0,4838400.0,11160800.0,7748800.0,7,4,624
2022-07-02,21285600.0,7453600.0,12392800.0,9019200.0,7,5,625
2022-07-03,6456800.0,21285600.0,11872000.0,8245600.0,7,6,626
2022-07-04,3136000.0,6456800.0,5824000.0,7861600.0,7,0,627
2022-07-05,3192000.0,3136000.0,3572800.0,7807200.0,7,1,628
2022-07-06,4116000.0,3192000.0,8288000.0,7211200.0,7,2,629
2022-07-07,3673600.0,4116000.0,4838400.0,7044800.0,7,3,630
2022-07-08,11009600.0,3673600.0,7453600.0,7552800.0,7,4,631
2022-07-09,8926400.0,11009600.0,21285600.0,5787200.0,7,5,632
2022-07-10,10763200.0,8926400.0,6456800.0,6402400.0,7,6,633
2022-07-11,11944800.0,10763200.0,3136000.0,7660800.0,7,0,634
2022-07-12,5656000.0,11944800.0,3192000.0,8012800.0,7,1,635
2022-07-13,3584000.0,5656000.0,4116000.0,7936800.0,7,2,636
2022-07-14,6792800.0,3584000.0,3673600.0,8382400.0,7,3,637
2022-07-15,12404000.0,6792800.0,11009600.0,8581600.0,7,4,638
2022-07-16,2094400.0,12404000.0,8926400.0,7605600.0,7,5,639
2022-07-17,9884000.0,2094400.0,10763200.0,7480000.0,7,6,640
2022-07-18,4491200.0,9884000.0,11944800.0,6415200.0,7,0,641
2022-07-19,18166400.0,4491200.0,5656000.0,8202400.0,7,1,642
2022-07-20,2665600.0,18166400.0,3584000.0,8071200.0,7,2,643
2022-07-21,9324000.0,2665600.0,6792800.0,8432800.0,7,3,644
2022-07-22,4765600.0,9324000.0,12404000.0,7341600.0,7,4,645
2022-07-23,2150400.0,4765600.0,2094400.0,7349600.0,7,5,646
2022-07-24,5443200.0,2150400.0,9884000.0,6715200.0,7,6,647
2022-07-25,9284800.0,5443200.0,4491200.0,7400000.0,7,0,648
2022-07-26,7571200.0,9284800.0,18166400.0,5886400.0,7,1,649
2022-07-27,9105600.0,7571200.0,2665600.0,6806400.0,7,2,650
2022-07-28,3113600.0,9105600.0,9324000.0,5919200.0,7,3,651
2022-07-29,13316800.0,3113600.0,4765600.0,7140800.0,7,4,652
2022-07-30,3584000.0,13316800.0,2150400.0,7345600.0,7,5,653
2022-07-31,2329600.0,3584000.0,5443200.0,6900800.0,7,6,654
2022-08-01,6776000.0,2329600.0,9284800.0,6542400.0,8,0,655
2022-08-02,4950400.0,6776000.0,7571200.0,6168000.0,8,1,656
2022-08-03,9912000.0,4950400.0,9105600.0,6283200.0,8,2,657
2022-08-04,10516800.0,9912000.0,3113600.0,7340800.0,8,3,658
2022-08-05,13759200.0,10516800.0,13316800.0,7404000.0,8,4,659
2022-08-06,6602400.0,13759200.0,3584000.0,7835200.0,8,5,660
2022-08-07,9307200.0,6602400.0,2329600.0,8832000.0,8,6,661
2022-08-08,1836800.0,9307200.0,6776000.0,8126400.0,8,0,662
2022-08-09,5499200.0,1836800.0,4950400.0,8204800.0,8,1,663
2022-08-10,5420800.0,5499200.0,9912000.0,7563200.0,8,2,664
2022-08-11,10388000.0,5420800.0,10516800.0,7544800.0,8,3,665
2022-08-12,5924800.0,10388000.0,13759200.0,6425600.0,8,4,666
2022-08-13,15472800.0,5924800.0,6602400.0,7692800.0,8,5,667
2022-08-14,9497600.0,15472800.0,9307200.0,7720000.0,8,6,668
2022-08-15,7840000.0,9497600.0,1836800.0,8577600.0,8,0,669
2022-08-16,4552800.0,7840000.0,5499200.0,8442400.0,8,1,670
2022-08-17,5633600.0,4552800.0,5420800.0,8472800.0,8,2,671
2022-08-18,8478400.0,5633600.0,10388000.0,8200000.0,8,3,672
2022-08-19,10057600.0,8478400.0,5924800.0,8790400.0,8,4,673
2022-08-20,9548000.0,10057600.0,15472800.0,7944000.0,8,5,674
2022-08-21,7840000.0,9548000.0,9497600.0,7707200.0,8,6,675
2022-08-22,11653600.0,7840000.0,7840000.0,8252000.0,8,0,676
2022-08-23,8646400.0,11653600.0,4552800.0,8836800.0,8,1,677
2022-08-24,14386400.0,8646400.0,5633600.0,10087200.0,8,2,678
2022-08-25,1780800.0,14386400.0,8478400.0,9130400.0,8,3,679
2022-08-26,8551200.0,1780800.0,10057600.0,8915200.0,8,4,680
2022-08-27,5684000.0,8551200.0,9548000.0,8363200.0,8,5,681
2022-08-28,5124000.0,5684000.0,7840000.0,7975200.0,8,6,682
2022-08-29,5510400.0,5124000.0,11653600.0,7097600.0,8,0,683
2022-08-30,3147200.0,5510400.0,8646400.0,6312000.0,8,1,684
2022-08-31,7884800.0,3147200.0,14386400.0,5383200.0,8,2,685
2022-09-01,10248000.0,7884800.0,1780800.0,6592800.0,9,3,686
2022-09-02,5112800.0,10248000.0,8551200.0,6101600.0,9,4,687
2022-09-03,5650400.0,5112800.0,5684000.0,6096800.0,9,5,688
2022-09-04,9385600.0,5650400.0,5124000.0,6705600.0,9,6,689
2022-09-05,2262400.0,9385600.0,5510400.0,6241600.0,9,0,690
2022-09-06,15948800.0,2262400.0,3147200.0,8070400.0,9,1,691
2022-09-07,2620800.0,15948800.0,7884800.0,7318400.0,9,2,692
2022-09-08,7632800.0,2620800.0,10248000.0,6944800.0,9,3,693
2022-09-09,2800000.0,7632800.0,5112800.0,6614400.0,9,4,694
2022-09-10,10488800.0,2800000.0,5650400.0,7305600.0,9,5,695
2022-09-11,8204000.0,10488800.0,9385600.0,7136800.0,9,6,696
2022-09-12,6249600.0,8204000.0,2262400.0,7706400.0,9,0,697
2022-09-13,3718400.0,6249600.0,15948800.0,5959200.0,9,1,698
2022-09-14,4183200.0,3718400.0,2620800.0,6182400.0,9,2,699
2022-09-15,5560800.0,4183200.0,7632800.0,5886400.0,9,3,700
2022-09-16,14308000.0,5560800.0,2800000.0,7530400.0,9,4,701
2022-09-17,9340800.0,14308000.0,10488800.0,7366400.0,9,5,702
2022-09-18,9385600.0,9340800.0,8204000.0,7535200.0,9,6,703
2022-09-19,9643200.0,9385600.0,6249600.0,8020000.0,9,0,704
2022-09-20,7336000.0,9643200.0,3718400.0,8536800.0,9,1,705
2022-09-21,9251200.0,7336000.0,4183200.0,9260800.0,9,2,706
2022-09-22,5269600.0,9251200.0,5560800.0,9219200.0,9,3,707
2022-09-23,2912000.0,5269600.0,14308000.0,7591200.0,9,4,708
2022-09-24,6008800.0,2912000.0,9340800.0,7115200.0,9,5,709
2022-09-25,9856000.0,6008800.0,9385600.0,7182400.0,9,6,710
2022-09-26,6501600.0,9856000.0,9643200.0,6733600.0,9,0,711
2022-09-27,13490400.0,6501600.0,7336000.0,7612800.0,9,1,712
2022-09-28,3774400.0,13490400.0,9251200.0,6830400.0,9,2,713
2022-09-29,6356000.0,3774400.0,5269600.0,6985600.0,9,3,714
2022-09-30,15125600.0,6356000.0,2912000.0,8730400.0,9,4,715
2022-10-01,7341600.0,15125600.0,6008800.0,8920800.0,10,5,716
2022-10-02,10180800.0,7341600.0,9856000.0,8967200.0,10,6,717
2022-10-03,7621600.0,10180800.0,6501600.0,9127200.0,10,0,718
2022-10-04,4289600.0,7621600.0,13490400.0,7812800.0,10,1,719
2022-10-05,11620000.0,4289600.0,3774400.0,8933600.0,10,2,720
2022-10-06,5068000.0,11620000.0,6356000.0,8749600.0,10,3,721
2022-10-07,7750400.0,5068000.0,15125600.0,7696000.0,10,4,722
2022-10-08,1792000.0,7750400.0,7341600.0,6903200.0,10,5,723
2022-10-09,9391200.0,1792000.0,10180800.0,6790400.0,10,6,724
2022-10-10,4155200.0,9391200.0,7621600.0,6295200.0,10,0,725
2022-10-11,10057600.0,4155200.0,4289600.0,7119200.0,10,1,726
2022-10-12,9452800.0,10057600.0,11620000.0,6809600.0,10,2,727
2022-10-13,16273600.0,9452800.0,5068000.0,8410400.0,10,3,728
2022-10-14,7067200.0,16273600.0,7750400.0,8312800.0,10,4,729
2022-10-15,18194400.0,7067200.0,1792000.0,10656000.0,10,5,730
2022-10-16,4272800.0,18194400.0,9391200.0,9924800.0,10,6,731
2022-10-17,3992800.0,4272800.0,4155200.0,9901600.0,10,0,732
2022-10-18,18328800.0,3992800.0,10057600.0,11083200.0,10,1,733
2022-10-19,12028800.0,18328800.0,9452800.0,11451200.0,10,2,734
2022-10-20,6552000.0,12028800.0,16273600.0,10062400.0,10,3,735
2022-10-21,4463200.0,6552000.0,7067200.0,9690400.0,10,4,736
2022-10-22,10343200.0,4463200.0,18194400.0,8568800.0,10,5,737
2022-10-23,2643200.0,10343200.0,4272800.0,8336000.0,10,6,738
2022-10-24,12012000.0,2643200.0,3992800.0,9481600.0,10,0,739
2022-10-25,6417600.0,12012000.0,18328800.0,7780000.0,10,1,740
2022-10-26,7106400.0,6417600.0,12028800.0,7076800.0,10,2,741
2022-10-27,3684800.0,7106400.0,6552000.0,6667200.0,10,3,742
2022-10-28,2794400.0,3684800.0,4463200.0,6428800.0,10,4,743
2022-10-29,7666400.0,2794400.0,10343200.0,6046400.0,10,5,744
2022-10-30,8618400.0,7666400.0,2643200.0,6900000.0,10,6,745
2022-10-31,10091200.0,8618400.0,12012000.0,6625600.0,10,0,746
2022-11-01,5499200.0,10091200.0,6417600.0,6494400.0,11,1,747
2022-11-02,5252800.0,5499200.0,7106400.0,6229600.0,11,2,748
2022-11-03,3242400.0,5252800.0,3684800.0,6166400.0,11,3,749
2022-11-04,5213600.0,3242400.0,2794400.0,6512000.0,11,4,750
2022-11-05,12292000.0,5213600.0,7666400.0,7172800.0,11,5,751
2022-11-06,1836800.0,12292000.0,8618400.0,6204000.0,11,6,752
2022-11-07,6507200.0,1836800.0,10091200.0,5692000.0,11,0,753
2022-11-08,6720000.0,6507200.0,5499200.0,5866400.0,11,1,754
2022-11-09,6871200.0,6720000.0,5252800.0,6097600.0,11,2,755
2022-11-10,9693600.0,6871200.0,3242400.0,7019200.0,11,3,756
2022-11-11,8528800.0,9693600.0,5213600.0,7492800.0,11,4,757
2022-11-12,2497600.0,8528800.0,12292000.0,6093600.0,11,5,758
2022-11-13,5751200.0,2497600.0,1836800.0,6652800.0,11,6,759
2022-11-14,11300800.0,5751200.0,6507200.0,7337600.0,11,0,760
2022-11-15,10578400.0,11300800.0,6720000.0,7888800.0,11,1,761
2022-11-16,18799200.0,10578400.0,6871200.0,9592800.0,11,2,762
2022-11-17,11496800.0,18799200.0,9693600.0,9850400.0,11,3,763
2022-11-18,7016800.0,11496800.0,8528800.0,9634400.0,11,4,764
2022-11-19,10018400.0,7016800.0,2497600.0,10708800.0,11,5,765
2022-11-20,12661600.0,10018400.0,5751200.0,11696000.0,11,6,766
2022-11-21,2307200.0,12661600.0,11300800.0,10411200.0,11,0,767
2022-11-22,6277600.0,2307200.0,10578400.0,9796800.0,11,1,768
2022-11-23,9889600.0,6277600.0,18799200.0,8524000.0,11,2,769
2022-11-24,8136800.0,9889600.0,11496800.0,8044000.0,11,3,770
2022-11-25,9150400.0,8136800.0,7016800.0,8348800.0,11,4,771
2022-11-26,11944800.0,9150400.0,10018400.0,8624000.0,11,5,772
2022-11-27,16380000.0,11944800.0,12661600.0,9155200.0,11,6,773
2022-11-28,1814400.0,16380000.0,2307200.0,9084800.0,11,0,774
2022-11-29,8556800.0,1814400.0,6277600.0,9410400.0,11,1,775
2022-11-30,1260000.0,8556800.0,9889600.0,8177600.0,11,2,776
2022-12-01,4200000.0,1260000.0,8136800.0,7615200.0,12,3,777
2022-12-02,3276000.0,4200000.0,9150400.0,6776000.0,12,4,778
2022-12-03,1764000.0,3276000.0,11944800.0,5321600.0,12,5,779
2022-12-04,3315200.0,1764000.0,16380000.0,3455200.0,12,6,780
2022-12-05,3544800.0,3315200.0,1814400.0,3702400.0,12,0,781
2022-12-06,21095200.0,3544800.0,8556800.0,5493600.0,12,1,782
2022-12-07,4597600.0,21095200.0,1260000.0,5970400.0,12,2,783
2022-12-08,3360000.0,4597600.0,4200000.0,5850400.0,12,3,784
2022-12-09,1209600.0,3360000.0,3276000.0,5555200.0,12,4,785
2022-12-10,6232800.0,1209600.0,1764000.0,6193600.0,12,5,786
2022-12-11,11754400.0,6232800.0,3315200.0,7399200.0,12,6,787
2022-12-12,10992800.0,11754400.0,3544800.0,8463200.0,12,0,788
2022-12-13,4345600.0,10992800.0,21095200.0,6070400.0,12,1,789
2022-12-14,12863200.0,4345600.0,4597600.0,7251200.0,12,2,790
2022-12-15,9357600.0,12863200.0,3360000.0,8108000.0,12,3,791
2022-12-16,6703200.0,9357600.0,1209600.0,8892800.0,12,4,792
2022-12-17,565600.0,6703200.0,6232800.0,8083200.0,12,5,793
2022-12-18,9318400.0,565600.0,11754400.0,7735200.0,12,6,794
2022-12-19,11681600.0,9318400.0,10992800.0,7833600.0,12,0,795
2022-12-20,6899200.0,11681600.0,4345600.0,8198400.0,12,1,796
2022-12-21,9497600.0,6899200.0,12863200.0,7717600.0,12,2,797
2022-12-22,2620800.0,9497600.0,9357600.0,6755200.0,12,3,798
2022-12-23,10018400.0,2620800.0,6703200.0,7228800.0,12,4,799
2022-12-24,8344000.0,10018400.0,565600.0,8340000.0,12,5,800
2022-12-25,6120800.0,8344000.0,9318400.0,7883200.0,12,6,801
2022-12-26,6070400.0,6120800.0,11681600.0,7081600.0,12,0,802
2022-12-27,12219200.0,6070400.0,6899200.0,7841600.0,12,1,803
2022-12-28,3561600.0,12219200.0,9497600.0,6993600.0,12,2,804
2022-12-29,7380800.0,3561600.0,2620800.0,7673600.0,12,3,805
2022-12-30,7946400.0,7380800.0,10018400.0,7377600.0,12,4,806
2022-12-31,8708000.0,7946400.0,8344000.0,7429600.0,12,5,807
2023-01-01,3819200.0,8708000.0,6120800.0,7100800.0,1,6,808
2023-01-02,907200.0,3819200.0,6070400.0,6363200.0,1,0,809
2023-01-03,15540000.0,907200.0,12219200.0,6837600.0,1,1,810
2023-01-04,2772000.0,15540000.0,3561600.0,6724800.0,1,2,811
2023-01-05,4827200.0,2772000.0,7380800.0,6360000.0,1,3,812
2023-01-06,13708800.0,4827200.0,7946400.0,7183200.0,1,4,813
2023-01-07,1702400.0,13708800.0,8708000.0,6182400.0,1,5,814
2023-01-08,4984000.0,1702400.0,3819200.0,6348800.0,1,6,815
2023-01-09,13876800.0,4984000.0,907200.0,8201600.0,1,0,816
2023-01-10,9072000.0,13876800.0,15540000.0,7277600.0,1,1,817
2023-01-11,8724800.0,9072000.0,2772000.0,8128000.0,1,2,818
2023-01-12,6748000.0,8724800.0,4827200.0,8402400.0,1,3,819
2023-01-13,6944000.0,6748000.0,13708800.0,7436000.0,1,4,820
2023-01-14,11384800.0,6944000.0,1702400.0,8819200.0,1,5,821
2023-01-15,5185600.0,11384800.0,4984000.0,8848000.0,1,6,822
2023-01-16,7022400.0,5185600.0,13876800.0,7868800.0,1,0,823
2023-01-17,4664800.0,7022400.0,9072000.0,7239200.0,1,1,824
2023-01-18,7341600.0,4664800.0,8724800.0,7041600.0,1,2,825
2023-01-19,4569600.0,7341600.0,6748000.0,6730400.0,1,3,826
2023-01-20,5790400.0,4569600.0,6944000.0,6565600.0,1,4,827
2023-01-21,13350400.0,5790400.0,11384800.0,6846400.0,1,5,828
2023-01-22,6742400.0,13350400.0,5185600.0,7068800.0,1,6,829
2023-01-23,10752000.0,6742400.0,7022400.0,7601600.0,1,0,830
2023-01-24,13216000.0,10752000.0,4664800.0,8823200.0,1,1,831
2023-01-25,8864800.0,13216000.0,7341600.0,9040800.0,1,2,832
2023-01-26,7862400.0,8864800.0,4569600.0,9511200.0,1,3,833
2023-01-27,1344000.0,7862400.0,5790400.0,8876000.0,1,4,834
2023-01-28,8103200.0,1344000.0,13350400.0,8126400.0,1,5,835
2023-01-29,4984000.0,8103200.0,6742400.0,7875200.0,1,6,836
2023-01-30,8484000.0,4984000.0,10752000.0,7551200.0,1,0,837
2023-01-31,7481600.0,8484000.0,13216000.0,6732000.0,1,1,838
2023-02-02,4799200.0,7481600.0,8864800.0,6151200.0,2,3,839
2023-02-03,5577600.0,4799200.0,7862400.0,5824800.0,2,4,840
2023-02-04,6888000.0,5577600.0,1344000.0,6616800.0,2,5,841
2023-02-05,6462400.0,6888000.0,8103200.0,6382400.0,2,6,842
2023-02-06,10584000.0,6462400.0,4984000.0,7182400.0,2,0,843
2023-02-07,4558400.0,10584000.0,8484000.0,6621600.0,2,1,844
2023-02-08,3057600.0,4558400.0,7481600.0,5989600.0,2,2,845
2023-02-09,9553600.0,3057600.0,4799200.0,6668800.0,2,3,846
2023-02-10,6574400.0,9553600.0,5577600.0,6811200.0,2,4,847
2023-02-11,3875200.0,6574400.0,6888000.0,6380800.0,2,5,848
2023-02-12,11144000.0,3875200.0,6462400.0,7049600.0,2,6,849
2023-02-13,8831200.0,11144000.0,10584000.0,6799200.0,2,0,850
2023-02-14,4110400.0,8831200.0,4558400.0,6735200.0,2,1,851
2023-02-15,6316800.0,4110400.0,3057600.0,7200800.0,2,2,852
2023-02-16,5857600.0,6316800.0,9553600.0,6672800.0,2,3,853
2023-02-17,5930400.0,5857600.0,6574400.0,6580800.0,2,4,854
2023-02-18,9783200.0,5930400.0,3875200.0,7424800.0,2,5,855
2023-02-19,14470400.0,9783200.0,11144000.0,7900000.0,2,6,856
2023-02-20,7767200.0,14470400.0,8831200.0,7748000.0,2,0,857
2023-02-21,7420000.0,7767200.0,4110400.0,8220800.0,2,1,858
2023-02-22,4138400.0,7420000.0,6316800.0,7909600.0,2,2,859
2023-02-23,672000.0,4138400.0,5857600.0,7168800.0,2,3,860
2023-02-24,14884800.0,672000.0,5930400.0,8448000.0,2,4,861
2023-02-25,7358400.0,14884800.0,9783200.0,8101600.0,2,5,862
2023-02-26,9329600.0,7358400.0,14470400.0,7367200.0,2,6,863
2023-02-27,7666400.0,9329600.0,7767200.0,7352800.0,2,0,864
2023-02-28,13199200.0,7666400.0,7420000.0,8178400.0,2,1,865
2023-03-01,14968800.0,13199200.0,4138400.0,9725600.0,3,2,866
2023-03-02,9139200.0,14968800.0,672000.0,10935200.0,3,3,867
2023-03-03,6708800.0,9139200.0,14884800.0,9767200.0,3,4,868
2023-03-04,2016000.0,6708800.0,7358400.0,9004000.0,3,5,869
2023-03-05,11754400.0,2016000.0,9329600.0,9350400.0,3,6,870
2023-03-06,7196000.0,11754400.0,7666400.0,9283200.0,3,0,871
2023-03-07,5303200.0,7196000.0,13199200.0,8155200.0,3,1,872
2023-03-08,3371200.0,5303200.0,14968800.0,6498400.0,3,2,873
2023-03-09,10169600.0,3371200.0,9139200.0,6645600.0,3,3,874
2023-03-10,12695200.0,10169600.0,6708800.0,7500800.0,3,4,875
2023-03-11,4379200.0,12695200.0,2016000.0,7838400.0,3,5,876
2023-03-12,7974400.0,4379200.0,11754400.0,7298400.0,3,6,877
2023-03-13,2016000.0,7974400.0,7196000.0,6558400.0,3,0,878
2023-03-14,2788800.0,2016000.0,5303200.0,6199200.0,3,1,879
2023-03-15,5723200.0,2788800.0,3371200.0,6535200.0,3,2,880
2023-03-16,3018400.0,5723200.0,10169600.0,5513600.0,3,3,881
2023-03-17,10662400.0,3018400.0,12695200.0,5223200.0,3,4,882
2023-03-18,2206400.0,10662400.0,4379200.0,4912800.0,3,5,883
2023-03-19,5555200.0,2206400.0,7974400.0,4567200.0,3,6,884
2023-03-20,8836800.0,5555200.0,2016000.0,5541600.0,3,0,885
2023-03-21,6064800.0,8836800.0,2788800.0,6009600.0,3,1,886
2023-03-22,9212000.0,6064800.0,5723200.0,6508000.0,3,2,887
2023-03-23,4043200.0,9212000.0,3018400.0,6654400.0,3,3,888
2023-03-24,8758400.0,4043200.0,10662400.0,6382400.0,3,4,889
2023-03-25,7050400.0,8758400.0,2206400.0,7074400.0,3,5,890
2023-03-26,9962400.0,7050400.0,5555200.0,7704000.0,3,6,891
2023-03-27,14828800.0,9962400.0,8836800.0,8560000.0,3,0,892
2023-03-28,10164000.0,14828800.0,6064800.0,9145600.0,3,1,893
2023-03-29,7212800.0,10164000.0,9212000.0,8860000.0,3,2,894
2023-03-30,6048000.0,7212800.0,4043200.0,9146400.0,3,3,895
2023-03-31,7750400.0,6048000.0,8758400.0,9002400.0,3,4,896
2023-04-01,8663200.0,7750400.0,7050400.0,9232800.0,4,5,897
2023-04-02,5829600.0,8663200.0,9962400.0,8642400.0,4,6,898
2023-04-03,13081600.0,5829600.0,14828800.0,8392800.0,4,0,899
2023-04-04,6210400.0,13081600.0,10164000.0,7828000.0,4,1,900
2023-04-05,3046400.0,6210400.0,7212800.0,7232800.0,4,2,901
2023-04-06,24936800.0,3046400.0,6048000.0,9931200.0,4,3,902
2023-04-07,6087200.0,24936800.0,7750400.0,9693600.0,4,4,903
2023-04-08,9368800.0,6087200.0,8663200.0,9794400.0,4,5,904
2023-04-09,15579200.0,9368800.0,5829600.0,11187200.0,4,6,905
2023-04-10,5661600.0,15579200.0,13081600.0,10127200.0,4,0,906
2023-04-11,3298400.0,5661600.0,6210400.0,9711200.0,4,1,907
2023-04-12,11491200.0,3298400.0,3046400.0,10917600.0,4,2,908
2023-04-13,3942400.0,11491200.0,24936800.0,7918400.0,4,3,909
2023-04-14,7974400.0,3942400.0,6087200.0,8188000.0,4,4,910
2023-04-15,9256800.0,7974400.0,9368800.0,8172000.0,4,5,911
2023-04-16,13204800.0,9256800.0,15579200.0,7832800.0,4,6,912
2023-04-17,8243200.0,13204800.0,5661600.0,8201600.0,4,0,913
2023-04-18,10477600.0,8243200.0,3298400.0,9227200.0,4,1,914
2023-04-19,10410400.0,10477600.0,11491200.0,9072800.0,4,2,915
2023-04-20,7599200.0,10410400.0,3942400.0,9595200.0,4,3,916
2023-04-21,5751200.0,7599200.0,7974400.0,9277600.0,4,4,917
2023-04-22,14436800.0,5751200.0,9256800.0,10017600.0,4,5,918
2023-04-23,1366400.0,14436800.0,13204800.0,8326400.0,4,6,919
2023-04-24,7968800.0,1366400.0,8243200.0,8287200.0,4,0,920
2023-04-25,2396800.0,7968800.0,10477600.0,7132800.0,4,1,921
2023-04-26,3981600.0,2396800.0,10410400.0,6214400.0,4,2,922
2023-04-27,3236800.0,3981600.0,7599200.0,5591200.0,4,3,923
2023-04-28,7140000.0,3236800.0,5751200.0,5789600.0,4,4,924
2023-04-29,11032000.0,7140000.0,14436800.0,5303200.0,4,5,925
2023-04-30,6664000.0,11032000.0,1366400.0,6060000.0,4,6,926
2023-05-01,8601600.0,6664000.0,7968800.0,6150400.0,5,0,927
2023-05-02,11401600.0,8601600.0,2396800.0,7436800.0,5,1,928
2023-05-03,7347200.0,11401600.0,3981600.0,7917600.0,5,2,929
2023-05-04,12835200.0,7347200.0,3236800.0,9288800.0,5,3,930
2023-05-05,3864000.0,12835200.0,7140000.0,8820800.0,5,4,931
2023-05-06,9850400.0,3864000.0,11032000.0,8652000.0,5,5,932
2023-05-07,10432800.0,9850400.0,6664000.0,9190400.0,5,6,933
2023-05-08,15260000.0,10432800.0,8601600.0,10141600.0,5,0,934
2023-05-09,15069600.0,15260000.0,11401600.0,10665600.0,5,1,935
2023-05-10,7011200.0,15069600.0,7347200.0,10617600.0,5,2,936
2023-05-11,21319200.0,7011200.0,12835200.0,11829600.0,5,3,937
2023-05-12,5885600.0,21319200.0,3864000.0,12118400.0,5,4,938
2023-05-13,5913600.0,5885600.0,9850400.0,11556000.0,5,5,939
2023-05-14,14341600.0,5913600.0,10432800.0,12114400.0,5,6,940
2023-05-15,5174400.0,14341600.0,15260000.0,10673600.0,5,0,941
2023-05-16,5773600.0,5174400.0,15069600.0,9345600.0,5,1,942
2023-05-17,7649600.0,5773600.0,7011200.0,9436800.0,5,2,943
2023-05-18,19135200.0,7649600.0,21319200.0,9124800.0,5,3,944
2023-05-19,10091200.0,19135200.0,5885600.0,9725600.0,5,4,945
2023-05-20,8668800.0,10091200.0,5913600.0,10119200.0,5,5,946
2023-05-21,3987200.0,8668800.0,14341600.0,8640000.0,5,6,947
2023-05-22,1433600.0,3987200.0,5174400.0,8105600.0,5,0,948
2023-05-23,8780800.0,1433600.0,5773600.0,8535200.0,5,1,949
2023-05-24,7890400.0,8780800.0,7649600.0,8569600.0,5,2,950
2023-05-25,403200.0,7890400.0,19135200.0,5893600.0,5,3,951
2023-05-26,6249600.0,403200.0,10091200.0,5344800.0,5,4,952
2023-05-27,6014400.0,6249600.0,8668800.0,4965600.0,5,5,953
2023-05-28,6003200.0,6014400.0,3987200.0,5253600.0,5,6,954
2023-05-29,6081600.0,6003200.0,1433600.0,5917600.0,5,0,955
2023-05-30,12644800.0,6081600.0,8780800.0,6469600.0,5,1,956
2023-05-31,10903200.0,12644800.0,7890400.0,6900000.0,5,2,957
2023-06-01,9542400.0,10903200.0,403200.0,8205600.0,6,3,958
2023-06-02,2688000.0,9542400.0,6249600.0,7696800.0,6,4,959
2023-06-03,10488800.0,2688000.0,6014400.0,8336000.0,6,5,960
2023-06-04,3740800.0,10488800.0,6003200.0,8012800.0,6,6,961
2023-06-05,5090400.0,3740800.0,6081600.0,7871200.0,6,0,962
2023-06-06,5532800.0,5090400.0,12644800.0,6855200.0,6,1,963
2023-06-07,4916800.0,5532800.0,10903200.0,6000000.0,6,2,964
2023-06-08,13014400.0,4916800.0,9542400.0,6496000.0,6,3,965
2023-06-09,8097600.0,13014400.0,2688000.0,7268800.0,6,4,966
2023-06-10,16016000.0,8097600.0,10488800.0,8058400.0,6,5,967
2023-06-11,3897600.0,16016000.0,3740800.0,8080800.0,6,6,968
2023-06-12,9290400.0,3897600.0,5090400.0,8680800.0,6,0,969
2023-06-13,3953600.0,9290400.0,5532800.0,8455200.0,6,1,970
2023-06-14,10735200.0,3953600.0,4916800.0,9286400.0,6,2,971
2023-06-15,5460000.0,10735200.0,13014400.0,8207200.0,6,3,972
2023-06-16,10018400.0,5460000.0,8097600.0,8481600.0,6,4,973
2023-06-17,4216800.0,10018400.0,16016000.0,6796000.0,6,5,974
2023-06-18,14996800.0,4216800.0,3897600.0,8381600.0,6,6,975
2023-06-19,16335200.0,14996800.0,9290400.0,9388000.0,6,0,976
2023-06-20,10382400.0,16335200.0,3953600.0,10306400.0,6,1,977
2023-06-21,8400000.0,10382400.0,10735200.0,9972800.0,6,2,978
2023-06-22,8814400.0,8400000.0,5460000.0,10452000.0,6,3,979
2023-06-23,9559200.0,8814400.0,10018400.0,10386400.0,6,4,980
2023-06-24,6949600.0,9559200.0,4216800.0,10776800.0,6,5,981
2023-06-25,14929600.0,6949600.0,14996800.0,10767200.0,6,6,982
2023-06-26,5331200.0,14929600.0,16335200.0,9195200.0,6,0,983
2023-06-27,3068800.0,5331200.0,10382400.0,8150400.0,6,1,984
2023-06-28,8349600.0,3068800.0,8400000.0,8143200.0,6,2,985
2023-06-29,2570400.0,8349600.0,8814400.0,7251200.0,6,3,986
2023-06-30,6479200.0,2570400.0,9559200.0,6811200.0,6,4,987
2023-07-01,9447200.0,6479200.0,6949600.0,7168000.0,7,5,988
2023-07-02,7761600.0,9447200.0,14929600.0,6144000.0,7,6,989
2023-07-03,8086400.0,7761600.0,5331200.0,6537600.0,7,0,990
2023-07-04,7649600.0,8086400.0,3068800.0,7192000.0,7,1,991
2023-07-05,14190400.0,7649600.0,8349600.0,8026400.0,7,2,992
2023-07-06,8176000.0,14190400.0,2570400.0,8827200.0,7,3,993
2023-07-07,10242400.0,8176000.0,6479200.0,9364800.0,7,4,994
2023-07-08,5381600.0,10242400.0,9447200.0,8784000.0,7,5,995
2023-07-09,5930400.0,5381600.0,7761600.0,8522400.0,7,6,996
2023-07-10,3651200.0,5930400.0,8086400.0,7888800.0,7,0,997
2023-07-11,13714400.0,3651200.0,7649600.0,8755200.0,7,1,998
2023-07-12,11424000.0,13714400.0,14190400.0,8360000.0,7,2,999
2023-07-13,6020000.0,11424000.0,8176000.0,8052000.0,7,3,1000
2023-07-14,5717600.0,6020000.0,10242400.0,7405600.0,7,4,1001
2023-07-15,9951200.0,5717600.0,5381600.0,8058400.0,7,5,1002
2023-07-16,9262400.0,9951200.0,5930400.0,8534400.0,7,6,1003
2023-07-17,8881600.0,9262400.0,3651200.0,9281600.0,7,0,1004
2023-07-18,12476800.0,8881600.0,13714400.0,9104800.0,7,1,1005
2023-07-19,4020800.0,12476800.0,11424000.0,8047200.0,7,2,1006
2023-07-20,11877600.0,4020800.0,6020000.0,8884000.0,7,3,1007
2023-07-21,6126400.0,11877600.0,5717600.0,8942400.0,7,4,1008
2023-07-22,7918400.0,6126400.0,9951200.0,8652000.0,7,5,1009
2023-07-23,10656800.0,7918400.0,9262400.0,8851200.0,7,6,1010
2023-07-24,12919200.0,10656800.0,8881600.0,9428000.0,7,0,1011
2023-07-25,6736800.0,12919200.0,12476800.0,8608000.0,7,1,1012
2023-07-26,7666400.0,6736800.0,4020800.0,9128800.0,7,2,1013
2023-07-27,9900800.0,7666400.0,11877600.0,8846400.0,7,3,1014
2023-07-28,21672000.0,9900800.0,6126400.0,11067200.0,7,4,1015
2023-07-29,8769600.0,21672000.0,7918400.0,11188800.0,7,5,1016
2023-07-30,12913600.0,8769600.0,10656800.0,11511200.0,7,6,1017
2023-07-31,10813600.0,12913600.0,12919200.0,11210400.0,7,0,1018
2023-08-01,29388800.0,10813600.0,6736800.0,14446400.0,8,1,1019
2023-08-02,9458400.0,29388800.0,7666400.0,14702400.0,8,2,1020
2023-08-03,9811200.0,9458400.0,9900800.0,14689600.0,8,3,1021
2023-08-04,4569600.0,9811200.0,21672000.0,12246400.0,8,4,1022
2023-08-05,12712000.0,4569600.0,8769600.0,12809600.0,8,5,1023
2023-08-06,1960000.0,12712000.0,12913600.0,11244800.0,8,6,1024
2023-08-07,4838400.0,1960000.0,10813600.0,10391200.0,8,0,1025
2023-08-08,11961600.0,4838400.0,29388800.0,7901600.0,8,1,1026
2023-08-09,7039200.0,11961600.0,9458400.0,7556000.0,8,2,1027
2023-08-10,6356000.0,7039200.0,9811200.0,7062400.0,8,3,1028
2023-08-11,8288000.0,6356000.0,4569600.0,7593600.0,8,4,1029
2023-08-12,834400.0,8288000.0,12712000.0,5896800.0,8,5,1030
2023-08-13,6624800.0,834400.0,1960000.0,6563200.0,8,6,1031
2023-08-14,8937600.0,6624800.0,4838400.0,7148800.0,8,0,1032
2023-08-15,5247200.0,8937600.0,11961600.0,6189600.0,8,1,1033
2023-08-16,10841600.0,5247200.0,7039200.0,6732800.0,8,2,1034
2023-08-17,5202400.0,10841600.0,6356000.0,6568000.0,8,3,1035
2023-08-18,4687200.0,5202400.0,8288000.0,6053600.0,8,4,1036
2023-08-19,10337600.0,4687200.0,834400.0,7411200.0,8,5,1037
2023-08-20,5532800.0,10337600.0,6624800.0,7255200.0,8,6,1038
2023-08-21,4580800.0,5532800.0,8937600.0,6632800.0,8,0,1039
2023-08-22,7576800.0,4580800.0,5247200.0,6965600.0,8,1,1040
2023-08-23,13406400.0,7576800.0,10841600.0,7332000.0,8,2,1041
2023-08-24,14140000.0,13406400.0,5202400.0,8608800.0,8,3,1042
2023-08-25,6188000.0,14140000.0,4687200.0,8823200.0,8,4,1043
2023-08-26,6524000.0,6188000.0,10337600.0,8278400.0,8,5,1044
2023-08-27,14756000.0,6524000.0,5532800.0,9596000.0,8,6,1045
2023-08-28,6468000.0,14756000.0,4580800.0,9865600.0,8,0,1046
2023-08-29,4216800.0,6468000.0,7576800.0,9385600.0,8,1,1047
2023-08-30,8047200.0,4216800.0,13406400.0,8620000.0,8,2,1048
2023-08-31,16464000.0,8047200.0,14140000.0,8952000.0,8,3,1049
2023-09-01,6910400.0,16464000.0,6188000.0,9055200.0,9,4,1050
2023-09-02,4804800.0,6910400.0,6524000.0,8809600.0,9,5,1051
2023-09-03,14022400.0,4804800.0,14756000.0,8704800.0,9,6,1052
2023-09-04,13540800.0,14022400.0,6468000.0,9715200.0,9,0,1053
2023-09-05,9850400.0,13540800.0,4216800.0,10520000.0,9,1,1054
2023-09-06,4228000.0,9850400.0,8047200.0,9974400.0,9,2,1055
2023-09-07,8993600.0,4228000.0,16464000.0,8907200.0,9,3,1056
2023-09-08,11709600.0,8993600.0,6910400.0,9592800.0,9,4,1057
2023-09-09,6322400.0,11709600.0,4804800.0,9809600.0,9,5,1058
2023-09-10,11127200.0,6322400.0,14022400.0,9396000.0,9,6,1059
2023-09-11,2984800.0,11127200.0,13540800.0,7888000.0,9,0,1060
2023-09-12,6630400.0,2984800.0,9850400.0,7428000.0,9,1,1061
2023-09-13,8316000.0,6630400.0,4228000.0,8012000.0,9,2,1062
2023-09-14,8713600.0,8316000.0,8993600.0,7972000.0,9,3,1063
2023-09-15,6445600.0,8713600.0,11709600.0,7220000.0,9,4,1064
2023-09-16,10276000.0,6445600.0,6322400.0,7784800.0,9,5,1065
2023-09-17,13860000.0,10276000.0,11127200.0,8175200.0,9,6,1066
2023-09-18,8573600.0,13860000.0,2984800.0,8973600.0,9,0,1067
2023-09-19,7604800.0,8573600.0,6630400.0,9112800.0,9,1,1068
2023-09-20,9284800.0,7604800.0,8316000.0,9251200.0,9,2,1069
2023-09-21,5152000.0,9284800.0,8713600.0,8742400.0,9,3,1070
2023-09-22,12656000.0,5152000.0,6445600.0,9629600.0,9,4,1071
2023-09-23,8226400.0,12656000.0,10276000.0,9336800.0,9,5,1072
2023-09-24,7470400.0,8226400.0,13860000.0,8424000.0,9,6,1073
2023-09-25,5807200.0,7470400.0,8573600.0,8028800.0,9,0,1074
2023-09-26,12588800.0,5807200.0,7604800.0,8740800.0,9,1,1075
2023-09-27,4463200.0,12588800.0,9284800.0,8052000.0,9,2,1076
2023-09-28,5420800.0,4463200.0,5152000.0,8090400.0,9,3,1077
2023-09-29,11088000.0,5420800.0,12656000.0,7866400.0,9,4,1078
2023-09-30,5191200.0,11088000.0,8226400.0,7432800.0,9,5,1079
2023-10-01,2861600.0,5191200.0,7470400.0,6774400.0,10,6,1080
2023-10-02,3528000.0,2861600.0,5807200.0,6448800.0,10,0,1081
2023-10-03,8226400.0,3528000.0,12588800.0,5825600.0,10,1,1082
2023-10-04,10981600.0,8226400.0,4463200.0,6756800.0,10,2,1083
2023-10-05,6456800.0,10981600.0,5420800.0,6904800.0,10,3,1084
2023-10-06,8030400.0,6456800.0,11088000.0,6468000.0,10,4,1085
2023-10-07,17718400.0,8030400.0,5191200.0,8257600.0,10,5,1086
2023-10-08,3976000.0,17718400.0,2861600.0,8416800.0,10,6,1087
2023-10-09,8960000.0,3976000.0,3528000.0,9192800.0,10,0,1088
2023-10-10,3225600.0,8960000.0,8226400.0,8478400.0,10,1,1089
2023-10-11,3920000.0,3225600.0,10981600.0,7469600.0,10,2,1090
2023-10-12,1176000.0,3920000.0,6456800.0,6715200.0,10,3,1091
2023-10-13,10550400.0,1176000.0,8030400.0,7075200.0,10,4,1092
2023-10-14,4687200.0,10550400.0,17718400.0,5213600.0,10,5,1093
2023-10-15,2688000.0,4687200.0,3976000.0,5029600.0,10,6,1094
2023-10-16,8383200.0,2688000.0,8960000.0,4947200.0,10,0,1095
2023-10-17,7414400.0,8383200.0,3225600.0,5545600.0,10,1,1096
2023-10-18,2996000.0,7414400.0,3920000.0,5413600.0,10,2,1097
2023-10-19,5633600.0,2996000.0,1176000.0,6050400.0,10,3,1098
2023-10-20,9223200.0,5633600.0,10550400.0,5860800.0,10,4,1099
2023-10-21,15332800.0,9223200.0,4687200.0,7381600.0,10,5,1100
2023-10-22,6804000.0,15332800.0,2688000.0,7969600.0,10,6,1101
2023-10-23,9441600.0,6804000.0,8383200.0,8120800.0,10,0,1102
2023-10-24,4300800.0,9441600.0,7414400.0,7676000.0,10,1,1103
2023-10-25,14840000.0,4300800.0,2996000.0,9368000.0,10,2,1104
2023-10-26,15892800.0,14840000.0,5633600.0,10833600.0,10,3,1105
2023-10-27,4838400.0,15892800.0,9223200.0,10207200.0,10,4,1106
2023-10-28,7414400.0,4838400.0,15332800.0,9076000.0,10,5,1107
2023-10-29,9520000.0,7414400.0,6804000.0,9464000.0,10,6,1108
2023-10-30,7761600.0,9520000.0,9441600.0,9224000.0,10,0,1109
2023-10-31,4144000.0,7761600.0,4300800.0,9201600.0,10,1,1110
2023-11-01,7576800.0,4144000.0,14840000.0,8164000.0,11,2,1111
2023-11-02,7128800.0,7576800.0,15892800.0,6912000.0,11,3,1112
2023-11-03,6770400.0,7128800.0,4838400.0,7188000.0,11,4,1113
2023-11-04,7347200.0,6770400.0,7414400.0,7178400.0,11,5,1114
2023-11-05,3326400.0,7347200.0,9520000.0,6293600.0,11,6,1115
2023-11-06,10085600.0,3326400.0,7761600.0,6625600.0,11,0,1116
2023-11-07,7756000.0,10085600.0,4144000.0,7141600.0,11,1,1117
2023-11-08,5241600.0,7756000.0,7576800.0,6808000.0,11,2,1118
2023-11-09,12348000.0,5241600.0,7128800.0,7553600.0,11,3,1119
2023-11-10,4659200.0,12348000.0,6770400.0,7252000.0,11,4,1120
2023-11-11,11093600.0,4659200.0,7347200.0,7787200.0,11,5,1121
2023-11-12,7140000.0,11093600.0,3326400.0,8332000.0,11,6,1122
2023-11-13,11368000.0,7140000.0,10085600.0,8515200.0,11,0,1123
2023-11-14,2419200.0,11368000.0,7756000.0,7752800.0,11,1,1124
2023-11-15,6882400.0,2419200.0,5241600.0,7987200.0,11,2,1125
2023-11-16,1932000.0,6882400.0,12348000.0,6499200.0,11,3,1126
2023-11-17,12359200.0,1932000.0,4659200.0,7599200.0,11,4,1127
2023-11-18,6876800.0,12359200.0,11093600.0,6996800.0,11,5,1128
2023-11-19,6081600.0,6876800.0,7140000.0,6845600.0,11,6,1129
2023-11-20,2990400.0,6081600.0,11368000.0,5648800.0,11,0,1130
2023-11-21,12639200.0,2990400.0,2419200.0,7108800.0,11,1,1131
2023-11-22,5426400.0,12639200.0,6882400.0,6900800.0,11,2,1132
2023-11-23,8064000.0,5426400.0,1932000.0,7776800.0,11,3,1133
2023-11-24,10578400.0,8064000.0,12359200.0,7522400.0,11,4,1134
2023-11-25,4748800.0,10578400.0,6876800.0,7218400.0,11,5,1135
2023-11-26,15092000.0,4748800.0,6081600.0,8505600.0,11,6,1136
2023-11-27,12280800.0,15092000.0,2990400.0,9832800.0,11,0,1137
2023-11-28,4468800.0,12280800.0,12639200.0,8665600.0,11,1,1138
2023-11-29,6238400.0,4468800.0,5426400.0,8781600.0,11,2,1139
2023-11-30,10119200.0,6238400.0,8064000.0,9075200.0,11,3,1140
2023-12-01,6412000.0,10119200.0,10578400.0,8480000.0,12,4,1141
2023-12-02,10276000.0,6412000.0,4748800.0,9269600.0,12,5,1142
2023-12-03,15064000.0,10276000.0,15092000.0,9265600.0,12,6,1143
2023-12-04,13720000.0,15064000.0,12280800.0,9471200.0,12,0,1144
2023-12-05,5213600.0,13720000.0,4468800.0,9577600.0,12,1,1145
2023-12-06,3763200.0,5213600.0,6238400.0,9224000.0,12,2,1146
2023-12-07,4720800.0,3763200.0,10119200.0,8452800.0,12,3,1147
2023-12-08,8293600.0,4720800.0,6412000.0,8721600.0,12,4,1148
2023-12-09,8030400.0,8293600.0,10276000.0,8400800.0,12,5,1149
2023-12-10,11496800.0,8030400.0,15064000.0,7891200.0,12,6,1150
2023-12-11,4048800.0,11496800.0,13720000.0,6509600.0,12,0,1151
2023-12-12,13087200.0,4048800.0,5213600.0,7634400.0,12,1,1152
2023-12-13,14112000.0,13087200.0,3763200.0,9112800.0,12,2,1153
2023-12-14,6664000.0,14112000.0,4720800.0,9390400.0,12,3,1154
2023-12-15,12650400.0,6664000.0,8293600.0,10012800.0,12,4,1155
2023-12-16,9581600.0,12650400.0,8030400.0,10234400.0,12,5,1156
2023-12-17,7537600.0,9581600.0,11496800.0,9668800.0,12,6,1157
2023-12-18,18782400.0,7537600.0,4048800.0,11773600.0,12,0,1158
2023-12-19,8052800.0,18782400.0,13087200.0,11054400.0,12,1,1159
2023-12-20,4384800.0,8052800.0,14112000.0,9664800.0,12,2,1160
2023-12-21,8551200.0,4384800.0,6664000.0,9934400.0,12,3,1161
2023-12-22,11664800.0,8551200.0,12650400.0,9793600.0,12,4,1162
2023-12-23,13966400.0,11664800.0,9581600.0,10420000.0,12,5,1163
2023-12-24,12684000.0,13966400.0,7537600.0,11155200.0,12,6,1164
2023-12-25,7761600.0,12684000.0,18782400.0,9580800.0,12,0,1165
2023-12-26,3897600.0,7761600.0,8052800.0,8987200.0,12,1,1166
2023-12-27,10477600.0,3897600.0,4384800.0,9857600.0,12,2,1167
2023-12-28,6546400.0,10477600.0,8551200.0,9571200.0,12,3,1168
2023-12-29,4491200.0,6546400.0,11664800.0,8546400.0,12,4,1169
2023-12-30,4485600.0,4491200.0,13966400.0,7192000.0,12,5,1170
2023-12-31,7229600.0,4485600.0,12684000.0,6412800.0,12,6,1171
2024-01-01,6171200.0,7229600.0,7761600.0,6185600.0,1,0,1172
2024-01-02,4020800.0,6171200.0,3897600.0,6203200.0,1,1,1173
2024-01-03,1937600.0,4020800.0,10477600.0,4983200.0,1,2,1174
2024-01-04,18883200.0,1937600.0,6546400.0,6745600.0,1,3,1175
2024-01-05,10001600.0,18883200.0,4491200.0,7532800.0,1,4,1176
2024-01-06,4222400.0,10001600.0,4485600.0,7495200.0,1,5,1177
2024-01-07,6496000.0,4222400.0,7229600.0,7390400.0,1,6,1178
2024-01-08,5779200.0,6496000.0,6171200.0,7334400.0,1,0,1179
2024-01-09,10287200.0,5779200.0,4020800.0,8229600.0,1,1,1180
2024-01-10,7140000.0,10287200.0,1937600.0,8972800.0,1,2,1181
2024-01-11,6512800.0,7140000.0,18883200.0,7205600.0,1,3,1182
2024-01-12,6792800.0,6512800.0,10001600.0,6747200.0,1,4,1183
2024-01-13,7705600.0,6792800.0,4222400.0,7244800.0,1,5,1184
2024-01-14,8881600.0,7705600.0,6496000.0,7585600.0,1,6,1185
2024-01-15,4888800.0,8881600.0,5779200.0,7458400.0,1,0,1186
2024-01-16,18922400.0,4888800.0,10287200.0,8692000.0,1,1,1187
2024-01-17,9004800.0,18922400.0,7140000.0,8958400.0,1,2,1188
2024-01-18,12174400.0,9004800.0,6512800.0,9767200.0,1,3,1189
2024-01-19,3432800.0,12174400.0,6792800.0,9287200.0,1,4,1190
2024-01-20,12051200.0,3432800.0,7705600.0,9908000.0,1,5,1191
2024-01-21,7711200.0,12051200.0,8881600.0,9740800.0,1,6,1192
2024-01-22,3533600.0,7711200.0,4888800.0,9547200.0,1,0,1193
2024-01-23,5919200.0,3533600.0,18922400.0,7689600.0,1,1,1194
2024-01-24,5454400.0,5919200.0,9004800.0,7182400.0,1,2,1195
2024-01-25,10052000.0,5454400.0,12174400.0,6879200.0,1,3,1196
2024-01-26,6316800.0,10052000.0,3432800.0,7291200.0,1,4,1197
2024-01-27,6238400.0,6316800.0,12051200.0,6460800.0,1,5,1198
2024-01-28,13288800.0,6238400.0,7711200.0,7257600.0,1,6,1199
2024-01-29,7240800.0,13288800.0,3533600.0,7787200.0,1,0,1200
2024-01-30,5790400.0,7240800.0,5919200.0,7768800.0,1,1,1201
2024-01-31,8624000.0,5790400.0,5454400.0,8221600.0,1,2,1202
2024-02-01,4704000.0,8624000.0,10052000.0,7457600.0,2,3,1203
2024-02-02,2010400.0,4704000.0,6316800.0,6842400.0,2,4,1204
2024-02-03,3707200.0,2010400.0,6238400.0,6480800.0,2,5,1205
2024-02-04,6428800.0,3707200.0,13288800.0,5500800.0,2,6,1206
2024-02-05,8444800.0,6428800.0,7240800.0,5672800.0,2,0,1207
2024-02-06,7806400.0,8444800.0,5790400.0,5960800.0,2,1,1208
2024-02-07,9822400.0,7806400.0,8624000.0,6132000.0,2,2,1209
2024-02-08,6316800.0,9822400.0,4704000.0,6362400.0,2,3,1210
2024-02-09,3085600.0,6316800.0,2010400.0,6516000.0,2,4,1211
2024-02-10,2480800.0,3085600.0,3707200.0,6340800.0,2,5,1212
2024-02-11,5185600.0,2480800.0,6428800.0,6163200.0,2,6,1213
2024-02-12,11121600.0,5185600.0,8444800.0,6545600.0,2,0,1214
2024-02-13,1108800.0,11121600.0,7806400.0,5588800.0,2,1,1215
2024-02-14,13876800.0,1108800.0,9822400.0,6168000.0,2,2,1216
2024-02-15,8904000.0,13876800.0,6316800.0,6537600.0,2,3,1217
2024-02-16,4233600.0,8904000.0,3085600.0,6701600.0,2,4,1218
2024-02-17,3276000.0,4233600.0,2480800.0,6815200.0,2,5,1219
2024-02-18,12208000.0,3276000.0,5185600.0,7818400.0,2,6,1220
2024-02-19,3584000.0,12208000.0,11121600.0,6741600.0,2,0,1221
2024-02-20,3360000.0,3584000.0,1108800.0,7063200.0,2,1,1222
2024-02-21,11424000.0,3360000.0,13876800.0,6712800.0,2,2,1223
2024-02-22,694400.0,11424000.0,8904000.0,5540000.0,2,3,1224
2024-02-23,6938400.0,694400.0,4233600.0,5926400.0,2,4,1225
2024-02-24,6490400.0,6938400.0,3276000.0,6385600.0,2,5,1226
2024-02-25,13300000.0,6490400.0,12208000.0,6541600.0,2,6,1227
2024-02-26,11256000.0,13300000.0,3584000.0,7637600.0,2,0,1228
2024-02-27,5297600.0,11256000.0,3360000.0,7914400.0,2,1,1229
2024-02-28,14879200.0,5297600.0,11424000.0,8408000.0,2,2,1230
2024-02-29,3998400.0,14879200.0,694400.0,8880000.0,2,3,1231
2024-03-01,6288800.0,3998400.0,6938400.0,8787200.0,3,4,1232
2024-03-02,7352800.0,6288800.0,6490400.0,8910400.0,3,5,1233
2024-03-03,11172000.0,7352800.0,13300000.0,8606400.0,3,6,1234
2024-03-04,4256000.0,11172000.0,11256000.0,7606400.0,3,0,1235
2024-03-05,19689600.0,4256000.0,5297600.0,9662400.0,3,1,1236
2024-03-06,2721600.0,19689600.0,14879200.0,7925600.0,3,2,1237
2024-03-07,6333600.0,2721600.0,3998400.0,8259200.0,3,3,1238
2024-03-08,12919200.0,6333600.0,6288800.0,9206400.0,3,4,1239
2024-03-09,5376000.0,12919200.0,7352800.0,8924000.0,3,5,1240
2024-03-10,18508000.0,5376000.0,11172000.0,9972000.0,3,6,1241
2024-03-11,1702400.0,18508000.0,4256000.0,9607200.0,3,0,1242
2024-03-12,11513600.0,1702400.0,19689600.0,8439200.0,3,1,1243
2024-03-13,3472000.0,11513600.0,2721600.0,8546400.0,3,2,1244
2024-03-14,13630400.0,3472000.0,6333600.0,9588800.0,3,3,1245
2024-03-15,14862400.0,13630400.0,12919200.0,9866400.0,3,4,1246
2024-03-16,504000.0,14862400.0,5376000.0,9170400.0,3,5,1247
2024-03-17,10052000.0,504000.0,18508000.0,7962400.0,3,6,1248
2024-03-18,8584800.0,10052000.0,1702400.0,8945600.0,3,0,1249
2024-03-19,10544800.0,8584800.0,11513600.0,8807200.0,3,1,1250
2024-03-20,11748800.0,10544800.0,3472000.0,9989600.0,3,2,1251
2024-03-21,12499200.0,11748800.0,13630400.0,9828000.0,3,3,1252
2024-03-22,6361600.0,12499200.0,14862400.0,8613600.0,3,4,1253
2024-03-23,10113600.0,6361600.0,504000.0,9986400.0,3,5,1254
2024-03-24,11883200.0,10113600.0,10052000.0,10248000.0,3,6,1255
2024-03-25,4345600.0,11883200.0,8584800.0,9642400.0,3,0,1256
2024-03-26,7358400.0,4345600.0,10544800.0,9187200.0,3,1,1257
2024-03-27,10718400.0,7358400.0,11748800.0,9040000.0,3,2,1258
2024-03-28,3774400.0,10718400.0,12499200.0,7793600.0,3,3,1259
2024-03-29,9783200.0,3774400.0,6361600.0,8282400.0,3,4,1260
2024-03-30,2139200.0,9783200.0,10113600.0,7143200.0,3,5,1261
2024-03-31,7095200.0,2139200.0,11883200.0,6459200.0,3,6,1262
2024-04-01,11704000.0,7095200.0,4345600.0,7510400.0,4,0,1263
2024-04-02,5364800.0,11704000.0,7358400.0,7225600.0,4,1,1264
2024-04-03,4110400.0,5364800.0,10718400.0,6281600.0,4,2,1265
2024-04-04,3057600.0,4110400.0,3774400.0,6179200.0,4,3,1266
2024-04-05,12913600.0,3057600.0,9783200.0,6626400.0,4,4,1267
2024-04-06,6283200.0,12913600.0,2139200.0,7218400.0,4,5,1268
2024-04-07,5992000.0,6283200.0,7095200.0,7060800.0,4,6,1269
2024-04-08,12583200.0,5992000.0,11704000.0,7186400.0,4,0,1270
2024-04-09,7722400.0,12583200.0,5364800.0,7523200.0,4,1,1271
2024-04-10,4816000.0,7722400.0,4110400.0,7624000.0,4,2,1272
2024-04-11,7828800.0,4816000.0,3057600.0,8305600.0,4,3,1273
2024-04-12,739200.0,7828800.0,12913600.0,6566400.0,4,4,1274
2024-04-13,10287200.0,739200.0,6283200.0,7138400.0,4,5,1275
2024-04-14,8086400.0,10287200.0,5992000.0,7437600.0,4,6,1276
2024-04-15,7812000.0,8086400.0,12583200.0,6756000.0,4,0,1277
2024-04-16,4967200.0,7812000.0,7722400.0,6362400.0,4,1,1278
2024-04-17,11289600.0,4967200.0,4816000.0,7287200.0,4,2,1279
2024-04-18,3449600.0,11289600.0,7828800.0,6661600.0,4,3,1280
2024-04-19,7364000.0,3449600.0,739200.0,7608000.0,4,4,1281
2024-04-20,8058400.0,7364000.0,10287200.0,7289600.0,4,5,1282
2024-04-21,6115200.0,8058400.0,8086400.0,7008000.0,4,6,1283
2024-04-22,7840000.0,6115200.0,7812000.0,7012000.0,4,0,1284
2024-04-23,8254400.0,7840000.0,4967200.0,7481600.0,4,1,1285
2024-04-24,4323200.0,8254400.0,11289600.0,6486400.0,4,2,1286
2024-04-25,6132000.0,4323200.0,3449600.0,6869600.0,4,3,1287
2024-04-26,8635200.0,6132000.0,7364000.0,7051200.0,4,4,1288
2024-04-28,4860800.0,8635200.0,8058400.0,6594400.0,4,6,1289
2024-04-29,3360000.0,4860800.0,6115200.0,6200800.0,4,0,1290
2024-04-30,8831200.0,3360000.0,7840000.0,6342400.0,4,1,1291
2024-05-01,10976000.0,8831200.0,8254400.0,6731200.0,5,2,1292
2024-05-02,13787200.0,10976000.0,4323200.0,8083200.0,5,3,1293
2024-05-03,7711200.0,13787200.0,6132000.0,8308800.0,5,4,1294
2024-05-04,1982400.0,7711200.0,8635200.0,7358400.0,5,5,1295
2024-05-05,5751200.0,1982400.0,4860800.0,7485600.0,5,6,1296
2024-05-06,6440000.0,5751200.0,3360000.0,7925600.0,5,0,1297
2024-05-07,12633600.0,6440000.0,8831200.0,8468800.0,5,1,1298
2024-05-09,16710400.0,12633600.0,10976000.0,9288000.0,5,3,1299
2024-05-10,10808000.0,16710400.0,13787200.0,8862400.0,5,4,1300
2024-05-11,4726400.0,10808000.0,7711200.0,8436000.0,5,5,1301
2024-05-12,11519200.0,4726400.0,1982400.0,9798400.0,5,6,1302
2024-05-13,10998400.0,11519200.0,5751200.0,10548000.0,5,0,1303
2024-05-14,10808000.0,10998400.0,6440000.0,11172000.0,5,1,1304
2024-05-15,7772800.0,10808000.0,12633600.0,10477600.0,5,2,1305
2024-05-16,3600800.0,7772800.0,16710400.0,8604800.0,5,3,1306
2024-05-17,10180800.0,3600800.0,10808000.0,8515200.0,5,4,1307
2024-05-18,6064800.0,10180800.0,4726400.0,8706400.0,5,5,1308
2024-05-19,10925600.0,6064800.0,11519200.0,8621600.0,5,6,1309
2024-05-20,4614400.0,10925600.0,10998400.0,7709600.0,5,0,1310
2024-05-21,6109600.0,4614400.0,10808000.0,7038400.0,5,1,1311
2024-05-22,12247200.0,6109600.0,7772800.0,7677600.0,5,2,1312
2024-05-23,11362400.0,12247200.0,3600800.0,8786400.0,5,3,1313
2024-05-24,7470400.0,11362400.0,10180800.0,8399200.0,5,4,1314
2024-05-25,392000.0,7470400.0,6064800.0,7588800.0,5,5,1315
2024-05-26,11586400.0,392000.0,10925600.0,7683200.0,5,6,1316
2024-05-27,10292800.0,11586400.0,4614400.0,8494400.0,5,0,1317
2024-05-28,4681600.0,10292800.0,6109600.0,8290400.0,5,1,1318
2024-05-29,2889600.0,4681600.0,12247200.0,6953600.0,5,2,1319
2024-05-30,4211200.0,2889600.0,11362400.0,5932000.0,5,3,1320
2024-05-31,6305600.0,4211200.0,7470400.0,5765600.0,5,4,1321
2024-06-01,1355200.0,6305600.0,392000.0,5903200.0,6,5,1322
2024-06-02,6636000.0,1355200.0,11586400.0,5196000.0,6,6,1323
2024-06-03,12236000.0,6636000.0,10292800.0,5473600.0,6,0,1324
2024-06-04,6955200.0,12236000.0,4681600.0,5798400.0,6,1,1325
2024-06-05,11015200.0,6955200.0,2889600.0,6959200.0,6,2,1326
2024-06-06,6417600.0,11015200.0,4211200.0,7274400.0,6,3,1327
2024-06-07,7072800.0,6417600.0,6305600.0,7384000.0,6,4,1328
2024-06-08,9822400.0,7072800.0,1355200.0,8593600.0,6,5,1329
2024-06-09,13305600.0,9822400.0,6636000.0,9546400.0,6,6,1330
2024-06-10,6283200.0,13305600.0,12236000.0,8696000.0,6,0,1331
2024-06-11,5241600.0,6283200.0,6955200.0,8451200.0,6,1,1332
2024-06-12,8691200.0,5241600.0,11015200.0,8119200.0,6,2,1333
2024-06-13,10679200.0,8691200.0,6417600.0,8728000.0,6,3,1334
2024-06-14,4726400.0,10679200.0,7072800.0,8392800.0,6,4,1335
2024-06-15,13563200.0,4726400.0,9822400.0,8927200.0,6,5,1336
2024-06-16,7571200.0,13563200.0,13305600.0,8108000.0,6,6,1337
2024-06-17,5544000.0,7571200.0,6283200.0,8002400.0,6,0,1338
2024-06-18,8254400.0,5544000.0,5241600.0,8432800.0,6,1,1339
2024-06-19,3830400.0,8254400.0,8691200.0,7738400.0,6,2,1340
2024-06-20,9469600.0,3830400.0,10679200.0,7565600.0,6,3,1341
2024-06-21,9178400.0,9469600.0,4726400.0,8201600.0,6,4,1342
2024-06-22,3113600.0,9178400.0,13563200.0,6708800.0,6,5,1343
2024-06-23,15590400.0,3113600.0,7571200.0,7854400.0,6,6,1344
2024-06-24,8254400.0,15590400.0,5544000.0,8241600.0,6,0,1345
2024-06-25,3964800.0,8254400.0,8254400.0,7628800.0,6,1,1346
2024-06-26,8864800.0,3964800.0,3830400.0,8348000.0,6,2,1347
2024-06-27,1282400.0,8864800.0,9469600.0,7178400.0,6,3,1348
2024-06-28,9889600.0,1282400.0,9178400.0,7280000.0,6,4,1349
2024-06-29,4065600.0,9889600.0,3113600.0,7416000.0,6,5,1350
2024-06-30,10948000.0,4065600.0,15590400.0,6752800.0,6,6,1351
2024-07-01,7767200.0,10948000.0,8254400.0,6683200.0,7,0,1352
2024-07-02,5269600.0,7767200.0,3964800.0,6869600.0,7,1,1353
2024-07-03,15685600.0,5269600.0,8864800.0,7844000.0,7,2,1354
2024-07-04,6574400.0,15685600.0,1282400.0,8600000.0,7,3,1355
2024-07-05,16464000.0,6574400.0,9889600.0,9539200.0,7,4,1356
2024-07-06,9839200.0,16464000.0,4065600.0,10364000.0,7,5,1357
2024-07-07,6356000.0,9839200.0,10948000.0,9708000.0,7,6,1358
2024-07-08,4300800.0,6356000.0,7767200.0,9212800.0,7,0,1359
2024-07-09,5493600.0,4300800.0,5269600.0,9244800.0,7,1,1360
2024-07-10,7324800.0,5493600.0,15685600.0,8050400.0,7,2,1361
2024-07-11,4939200.0,7324800.0,6574400.0,7816800.0,7,3,1362
2024-07-12,4116000.0,4939200.0,16464000.0,6052800.0,7,4,1363
2024-07-13,9357600.0,4116000.0,9839200.0,5984000.0,7,5,1364
2024-07-14,5633600.0,9357600.0,6356000.0,5880800.0,7,6,1365
2024-07-15,8831200.0,5633600.0,4300800.0,6528000.0,7,0,1366
2024-07-16,1736000.0,8831200.0,5493600.0,5991200.0,7,1,1367
2024-07-17,8125600.0,1736000.0,7324800.0,6105600.0,7,2,1368
2024-07-18,5891200.0,8125600.0,4939200.0,6241600.0,7,3,1369
2024-07-19,3309600.0,5891200.0,4116000.0,6126400.0,7,4,1370
2024-07-20,6804000.0,3309600.0,9357600.0,5761600.0,7,5,1371
2024-07-21,8652000.0,6804000.0,5633600.0,6192800.0,7,6,1372
2024-07-22,9469600.0,8652000.0,8831200.0,6284000.0,7,0,1373
2024-07-23,7560000.0,9469600.0,1736000.0,7116000.0,7,1,1374
2024-07-24,4390400.0,7560000.0,8125600.0,6582400.0,7,2,1375
2024-07-25,13378400.0,4390400.0,5891200.0,7652000.0,7,3,1376
2024-07-26,12532800.0,13378400.0,3309600.0,8969600.0,7,4,1377
2024-07-27,5952800.0,12532800.0,6804000.0,8848000.0,7,5,1378
2024-07-28,15657600.0,5952800.0,8652000.0,9848800.0,7,6,1379
2024-07-29,6720000.0,15657600.0,9469600.0,9456000.0,7,0,1380
2024-07-30,10578400.0,6720000.0,7560000.0,9887200.0,7,1,1381
2024-07-31,6524000.0,10578400.0,4390400.0,10192000.0,7,2,1382
2024-08-01,5667200.0,6524000.0,13378400.0,9090400.0,8,3,1383
2024-08-02,6580000.0,5667200.0,12532800.0,8240000.0,8,4,1384
2024-08-03,13865600.0,6580000.0,5952800.0,9370400.0,8,5,1385
2024-08-04,9363200.0,13865600.0,15657600.0,8471200.0,8,6,1386
2024-08-05,4256000.0,9363200.0,6720000.0,8119200.0,8,0,1387
2024-08-06,8276800.0,4256000.0,10578400.0,7790400.0,8,1,1388
2024-08-07,14565600.0,8276800.0,6524000.0,8939200.0,8,2,1389
2024-08-08,4648000.0,14565600.0,5667200.0,8793600.0,8,3,1390
2024-08-09,6406400.0,4648000.0,6580000.0,8768800.0,8,4,1391
2024-08-10,11222400.0,6406400.0,13865600.0,8391200.0,8,5,1392
2024-08-11,4916800.0,11222400.0,9363200.0,7756000.0,8,6,1393
2024-08-12,6753600.0,4916800.0,4256000.0,8112800.0,8,0,1394
2024-08-13,8114400.0,6753600.0,8276800.0,8089600.0,8,1,1395
2024-08-14,7201600.0,8114400.0,14565600.0,7037600.0,8,2,1396
2024-08-15,12751200.0,7201600.0,4648000.0,8195200.0,8,3,1397
2024-08-16,4424000.0,12751200.0,6406400.0,7912000.0,8,4,1398
2024-08-17,2217600.0,4424000.0,11222400.0,6625600.0,8,5,1399
2024-08-18,7033600.0,2217600.0,4916800.0,6928000.0,8,6,1400
2024-08-19,8506400.0,7033600.0,6753600.0,7178400.0,8,0,1401
2024-08-20,10360000.0,8506400.0,8114400.0,7499200.0,8,1,1402
2024-08-21,9788800.0,10360000.0,7201600.0,7868800.0,8,2,1403
2024-08-22,4356800.0,9788800.0,12751200.0,6669600.0,8,3,1404
2024-08-23,10001600.0,4356800.0,4424000.0,7466400.0,8,4,1405
2024-08-24,2755200.0,10001600.0,2217600.0,7543200.0,8,5,1406
2024-08-25,6966400.0,2755200.0,7033600.0,7533600.0,8,6,1407
2024-08-26,4989600.0,6966400.0,8506400.0,7031200.0,8,0,1408
2024-08-27,3774400.0,4989600.0,10360000.0,6090400.0,8,1,1409
2024-08-28,7380800.0,3774400.0,9788800.0,5746400.0,8,2,1410
2024-08-29,8013600.0,7380800.0,4356800.0,6268800.0,8,3,1411
2024-08-30,8646400.0,8013600.0,10001600.0,6075200.0,8,4,1412
2024-08-31,7392000.0,8646400.0,2755200.0,6737600.0,8,5,1413
2024-09-01,8372000.0,7392000.0,6966400.0,6938400.0,9,6,1414
2024-09-02,2867200.0,8372000.0,4989600.0,6635200.0,9,0,1415
2024-09-03,5672800.0,2867200.0,3774400.0,6906400.0,9,1,1416
2024-09-04,9497600.0,5672800.0,7380800.0,7208800.0,9,2,1417
2024-09-05,5728800.0,9497600.0,8013600.0,6882400.0,9,3,1418
2024-09-06,8825600.0,5728800.0,8646400.0,6908000.0,9,4,1419
2024-09-07,9021600.0,8825600.0,7392000.0,7140800.0,9,5,1420
2024-09-08,10752000.0,9021600.0,8372000.0,7480800.0,9,6,1421
2024-09-09,6003200.0,10752000.0,2867200.0,7928800.0,9,0,1422
2024-09-10,5348000.0,6003200.0,5672800.0,7882400.0,9,1,1423
2024-09-11,7767200.0,5348000.0,9497600.0,7635200.0,9,2,1424
2024-09-13,2452800.0,7767200.0,5728800.0,7167200.0,9,4,1425
2024-09-14,7487200.0,2452800.0,8825600.0,6976000.0,9,5,1426
2024-09-15,8708000.0,7487200.0,9021600.0,6931200.0,9,6,1427
2024-09-16,7744800.0,8708000.0,10752000.0,6501600.0,9,0,1428
2024-09-17,12891200.0,7744800.0,6003200.0,7485600.0,9,1,1429
2024-09-18,13339200.0,12891200.0,5348000.0,8627200.0,9,2,1430
2024-09-19,1355200.0,13339200.0,7767200.0,7711200.0,9,3,1431
2024-09-20,6350400.0,1355200.0,2452800.0,8268000.0,9,4,1432
2024-09-21,11132800.0,6350400.0,7487200.0,8788800.0,9,5,1433
2024-09-22,7229600.0,11132800.0,8708000.0,8577600.0,9,6,1434
2024-09-23,560000.0,7229600.0,7744800.0,7551200.0,9,0,1435
2024-09-24,4614400.0,560000.0,12891200.0,6368800.0,9,1,1436
2024-09-25,10152800.0,4614400.0,13339200.0,5913600.0,9,2,1437
2024-09-26,588000.0,10152800.0,1355200.0,5804000.0,9,3,1438
2024-09-27,9458400.0,588000.0,6350400.0,6248000.0,9,4,1439
2024-09-28,13076000.0,9458400.0,11132800.0,6525600.0,9,5,1440
2024-09-29,6736800.0,13076000.0,7229600.0,6455200.0,9,6,1441
2024-09-30,5460000.0,6736800.0,560000.0,7155200.0,9,0,1442
2024-10-01,11933600.0,5460000.0,4614400.0,8200800.0,10,1,1443
2024-10-02,7112000.0,11933600.0,10152800.0,7766400.0,10,2,1444
2024-10-03,5292000.0,7112000.0,588000.0,8438400.0,10,3,1445
2024-10-04,2867200.0,5292000.0,9458400.0,7496800.0,10,4,1446
2024-10-05,5577600.0,2867200.0,13076000.0,6425600.0,10,5,1447
2024-10-06,3460800.0,5577600.0,6736800.0,5957600.0,10,6,1448
2024-10-07,8657600.0,3460800.0,5460000.0,6414400.0,10,0,1449
2024-10-08,4961600.0,8657600.0,11933600.0,5418400.0,10,1,1450
2024-10-09,9643200.0,4961600.0,7112000.0,5780000.0,10,2,1451
2024-10-10,6143200.0,9643200.0,5292000.0,5901600.0,10,3,1452
2024-10-11,6227200.0,6143200.0,2867200.0,6381600.0,10,4,1453
2024-10-12,7532000.0,6227200.0,5577600.0,6660800.0,10,5,1454
2024-10-13,5493600.0,7532000.0,3460800.0,6951200.0,10,6,1455
2024-10-14,6070400.0,5493600.0,8657600.0,6581600.0,10,0,1456
2024-10-15,2805600.0,6070400.0,4961600.0,6273600.0,10,1,1457
2024-10-16,4435200.0,2805600.0,9643200.0,5529600.0,10,2,1458
2024-10-17,1159200.0,4435200.0,6143200.0,4817600.0,10,3,1459
2024-10-18,2996000.0,1159200.0,6227200.0,4356000.0,10,4,1460
2024-10-19,2032800.0,2996000.0,7532000.0,3570400.0,10,5,1461
2024-10-20,10091200.0,2032800.0,5493600.0,4227200.0,10,6,1462
2024-10-21,1444800.0,10091200.0,6070400.0,3566400.0,10,0,1463
2024-10-22,5208000.0,1444800.0,2805600.0,3909600.0,10,1,1464
2024-10-23,8416800.0,5208000.0,4435200.0,4478400.0,10,2,1465
2024-10-24,10752000.0,8416800.0,1159200.0,5848800.0,10,3,1466
2024-10-25,4043200.0,10752000.0,2996000.0,5998400.0,10,4,1467
2024-10-26,1971200.0,4043200.0,2032800.0,5989600.0,10,5,1468
2024-10-27,10628800.0,1971200.0,10091200.0,6066400.0,10,6,1469
2024-10-28,12448800.0,10628800.0,1444800.0,7638400.0,10,0,1470
2024-11-01,778400.0,12448800.0,5208000.0,7005600.0,11,4,1471
2024-11-02,1596000.0,778400.0,8416800.0,6031200.0,11,5,1472
2024-11-04,2800000.0,1596000.0,10752000.0,4895200.0,11,0,1473
2024-11-05,1478400.0,2800000.0,4043200.0,4528800.0,11,1,1474
2024-11-06,2464000.0,1478400.0,1971200.0,4599200.0,11,2,1475
2024-11-07,5079200.0,2464000.0,10628800.0,3806400.0,11,3,1476
2024-11-08,4015200.0,5079200.0,12448800.0,2601600.0,11,4,1477
2024-11-09,2094400.0,4015200.0,778400.0,2789600.0,11,5,1478
2024-11-10,1114400.0,2094400.0,1596000.0,2720800.0,11,6,1479
2024-12-01,2038400.0,1114400.0,2800000.0,2612000.0,12,6,1480
2024-12-04,2016000.0,2038400.0,1478400.0,2688800.0,12,2,1481
2024-12-05,1120000.0,2016000.0,2464000.0,2496800.0,12,3,1482
2024-12-06,2268000.0,1120000.0,5079200.0,2095200.0,12,4,1483
2024-12-08,3057600.0,2268000.0,4015200.0,1958400.0,12,6,1484
2024-12-10,504000.0,3057600.0,2094400.0,1731200.0,12,1,1485
